"moon_phase","date"
NA,""
0.07,"12/3/2005"
0.19,"10/8/2005"
0.25,"4/8/1984"
0.43,"12/22/1996"
NA,""
NA,""
0.15,"9/20/1974"
NA,""
NA,""
0.07,"9/28/1973"
0.33,"8/1/1971"
0.75,"9/1/2010"
0.97,"7/4/1978"
0.03,"11/1/1978"
0.2,"7/4/1984"
0.29,"7/1/1990"
0.43,"10/31/2009"
NA,""
0.35,"7/15/1978"
0.44,"11/3/2006"
0.22,"7/5/2022"
NA,""
0.96,"10/27/2008"
0.17,"7/16/2010"
NA,""
0.15,"3/25/2004"
0.11,"2/1/2006"
0.11,"5/1/1962"
NA,""
NA,""
NA,""
NA,""
0.62,"8/31/2007"
0.94,"10/23/2003"
0.31,"6/10/2011"
0.19,"4/10/2019"
0.21,"5/24/2015"
0.21,"10/15/1941"
0.57,"8/30/1996"
0.7,"11/1/1996"
0.39,"6/13/2000"
0.68,"7/21/2000"
0.82,"7/25/2000"
0.05,"10/28/2000"
0.69,"6/11/2001"
0.42,"10/29/2001"
0.75,"7/21/2003"
0.46,"11/7/2003"
0.08,"7/8/2005"
0.19,"8/18/2007"
0.21,"10/5/2008"
NA,""
NA,""
0.36,"6/8/2014"
0.75,"9/15/2014"
0.82,"12/31/2018"
0.68,"6/22/2019"
0.89,"2/18/2012"
0.25,"12/19/2012"
NA,""
0.82,"9/20/2003"
NA,""
NA,""
0.23,"1/1/2001"
NA,""
0.12,"9/13/1999"
NA,""
NA,""
0.35,"8/21/1980"
0.09,"8/1/1973"
NA,""
0.97,"5/1/1992"
NA,""
0.52,"10/7/2006"
0.96,"10/15/2020"
0.32,"9/14/1994"
NA,""
0.27,"4/15/1997"
0.5,"8/22/2002"
0.41,"1/15/2003"
NA,""
NA,""
0.42,"5/31/2004"
0.22,"9/20/2004"
0.83,"5/17/2020"
NA,""
NA,""
NA,""
0.75,"8/6/2015"
0.75,"3/18/2009"
0.25,"4/21/1980"
NA,""
NA,""
NA,""
0.52,"11/9/2003"
0.06,"11/15/2012"
0.55,"5/17/2022"
0.19,"10/22/2001"
0.55,"5/23/1997"
NA,""
NA,""
NA,""
NA,""
NA,""
0.88,"8/15/2001"
0.97,"5/11/2002"
NA,""
0.07,"3/31/2006"
0.21,"11/26/2006"
0.18,"8/18/2007"
0.15,"7/26/2009"
0.87,"8/7/2018"
NA,""
NA,""
0.77,"11/1/1999"
NA,""
NA,""
NA,""
0.03,"6/17/2015"
0.33,"6/12/2019"
0.53,"10/6/2017"
0.71,"10/28/1972"
0.5,"9/21/2002"
NA,""
NA,""
NA,""
NA,""
0.19,"1/15/1966"
0,"10/25/2022"
NA,""
NA,""
0.05,"8/15/1996"
NA,""
NA,""
NA,""
NA,""
0.25,"2/15/2005"
0.95,"3/1/2003"
0.94,"10/1/2005"
0.39,"5/1/1985"
0.04,"7/15/2007"
0.05,"2/15/2010"
0.22,"11/9/2013"
0.04,"3/18/2018"
NA,""
NA,""
NA,""
0.92,"12/28/2005"
0.5,"7/10/2006"
0.89,"8/6/2010"
0,"5/30/2022"
NA,""
0.96,"6/16/2004"
NA,""
0.45,"5/28/1999"
0.54,"9/24/2010"
0.47,"7/11/2014"
0.75,"7/27/2005"
NA,""
NA,""
NA,""
NA,""
NA,""
0.16,"2/1/1998"
NA,""
0.07,"1/22/2015"
0.85,"10/31/1983"
0.79,"11/28/1983"
0.05,"11/1/1997"
0.97,"9/1/1978"
0.5,"11/1/1982"
0.65,"10/31/1977"
0.29,"10/28/2017"
0.03,"7/21/1982"
0.93,"10/1/1986"
0.41,"10/1/1990"
0.25,"6/25/2004"
0.83,"7/6/2010"
0.5,"2/14/2014"
0.52,"8/10/1976"
0.87,"7/1/1978"
0.92,"8/1/1978"
0.61,"8/21/1978"
0.18,"8/15/1991"
0.36,"1/15/1992"
0.5,"2/15/1995"
0.05,"2/24/2001"
0.5,"10/22/2010"
0.4,"9/9/2011"
0.11,"1/4/1995"
0.33,"3/11/1995"
0.36,"10/1/1998"
0.21,"7/12/2005"
0.38,"9/14/2005"
0.52,"12/24/2007"
0.4,"11/18/2010"
0.1,"6/4/2011"
NA,""
0.21,"5/24/2015"
0.81,"5/28/2019"
0.88,"2/1/2000"
0.75,"8/7/2004"
0.7,"3/1/2005"
0.04,"6/15/1988"
0.15,"9/15/1988"
0.81,"5/1/1997"
0.21,"10/12/2002"
0.39,"2/28/2007"
0.57,"6/20/2008"
0.57,"1/1/1956"
0.3,"10/1/1987"
0.74,"5/25/2000"
0.1,"6/20/2004"
0.65,"4/12/2020"
0.28,"2/28/2023"
0.97,"1/16/1999"
NA,""
NA,""
0.06,"10/15/2004"
0.53,"7/23/2013"
NA,""
NA,""
NA,""
0.62,"7/1/1980"
0.02,"5/18/1977"
0.02,"6/6/1962"
0.5,"12/22/1999"
0.86,"6/1/1978"
0.94,"4/20/1974"
0.94,"1/15/1958"
0.33,"3/11/1995"
0.5,"6/1/1977"
0.12,"9/14/1988"
0.17,"2/15/1994"
0.11,"9/1/2000"
0.26,"9/1/1976"
0.73,"8/1/1972"
0.56,"2/18/2003"
0.56,"7/1/1967"
0.98,"8/15/1985"
0.77,"10/15/1987"
0.25,"7/1/1998"
0.44,"9/30/2001"
0.11,"4/1/2006"
0.73,"8/12/2009"
0.07,"3/24/2012"
0.33,"11/12/2013"
0.25,"7/17/2021"
0.95,"9/30/1978"
0.8,"9/20/1992"
0.12,"10/1/2000"
0.27,"9/25/2001"
0,"5/1/2003"
0.11,"4/13/2013"
0.57,"6/25/2013"
0.22,"8/14/2021"
0.25,"9/3/2003"
0.4,"2/6/2009"
NA,""
0,"8/15/2004"
0.25,"2/15/2005"
NA,""
0.75,"1/1/1978"
0.5,"6/20/1978"
0.25,"8/15/2002"
0.11,"1/13/2005"
NA,""
0.92,"7/26/2003"
0.69,"12/1/2015"
0.42,"2/1/1977"
0.94,"6/19/1982"
0.62,"8/1/1988"
0.35,"5/11/2003"
0.75,"2/15/2020"
0.5,"10/31/2020"
0.92,"5/1/2000"
0.76,"6/1/2013"
0.74,"12/24/2013"
0.09,"11/1/1970"
0.2,"8/1/1976"
0.73,"7/31/1983"
0.24,"4/16/1986"
0.3,"7/15/1986"
0.18,"7/1/1987"
0.07,"2/12/1994"
0.25,"10/1/1995"
0.27,"4/15/1997"
0.14,"8/15/1999"
0.05,"8/1/2000"
0.5,"10/10/2003"
0.28,"11/2/2003"
0.26,"6/11/2008"
NA,""
0.83,"6/17/2009"
NA,""
0.63,"8/17/2011"
0.97,"9/1/1978"
0.06,"11/15/2012"
0.32,"6/7/2014"
NA,""
0.32,"11/1/1958"
0.52,"7/1/1996"
0.34,"9/1/1998"
0.02,"9/7/2002"
0.91,"12/1/2002"
0.56,"8/1/1968"
0.5,"8/25/1980"
0,"7/1/1981"
0.62,"1/5/2018"
0.05,"12/1/1978"
0.65,"8/1/1999"
0.96,"7/3/1997"
0.16,"5/1/1979"
0.16,"5/30/1998"
0.3,"7/18/2002"
0.75,"6/1/1994"
0.27,"10/12/2013"
0.7,"5/7/1988"
NA,""
0.04,"1/17/1972"
0,"5/25/1998"
0.41,"9/3/1998"
0.65,"2/22/2011"
0.8,"1/21/2017"
0.93,"2/5/1978"
0.16,"8/15/1980"
0.32,"10/26/2001"
0.87,"8/4/2002"
0.47,"7/1/2004"
0.52,"2/24/2005"
0.33,"8/14/2005"
0.34,"8/4/2006"
0.7,"6/1/2002"
0.16,"3/16/2013"
0.47,"10/25/1996"
0.84,"10/15/1998"
0.65,"8/1/1999"
0.5,"5/15/2003"
0.93,"4/17/2004"
0.06,"8/17/2004"
0.09,"8/18/2004"
0.25,"8/12/2005"
0.11,"7/28/2006"
0.25,"7/18/2010"
0.85,"5/5/2013"
0.3,"6/17/2013"
0.55,"2/12/2017"
NA,""
0.89,"7/6/2021"
0.15,"3/25/2004"
0.12,"10/1/2000"
0.04,"7/18/2004"
0.57,"3/2/2010"
0.9,"3/19/2012"
0.42,"2/6/2020"
0.76,"2/16/2020"
0.76,"2/16/2020"
0.2,"2/29/2020"
0.33,"3/4/2020"
0.71,"2/3/2021"
0.76,"10/31/1980"
0.33,"7/11/2000"
NA,""
0.05,"6/25/2017"
0.71,"8/13/2017"
0.07,"6/21/2012"
0.32,"6/28/2012"
0.79,"1/5/2013"
0.59,"5/27/2013"
0.62,"8/24/2013"
0.33,"8/24/2015"
0.16,"11/1/1981"
0.44,"8/7/1987"
0.77,"12/31/1988"
0.97,"9/30/1997"
0.34,"6/1/2001"
0.4,"5/1/2004"
0.86,"8/14/2020"
0.52,"7/24/2021"
NA,""
0.36,"2/24/1991"
0.41,"1/15/1984"
0.93,"6/29/2000"
0.08,"10/29/2000"
0.63,"7/15/1976"
0.38,"1/1/1977"
NA,""
0.96,"5/24/1998"
0.8,"6/16/2009"
0.1,"11/1/1989"
0.64,"5/1/1983"
0.2,"8/1/1976"
0.8,"6/1/1986"
0.7,"7/27/1986"
0.07,"11/5/1994"
NA,""
0.62,"7/1/1980"
0.87,"9/1/1994"
0.02,"11/19/1998"
NA,""
0.15,"5/16/2002"
NA,""
0.31,"10/15/2002"
0.82,"5/23/2014"
0.75,"10/4/2015"
0.16,"1/21/2018"
0.62,"4/11/2020"
NA,""
0.5,"1/30/2010"
0.52,"6/6/2001"
0.15,"7/14/2002"
0.03,"10/17/2001"
0.75,"5/30/2005"
0.55,"5/10/2009"
0.3,"10/15/1983"
0,"9/15/1993"
0.84,"10/15/1998"
0.58,"10/15/2000"
0.96,"11/24/2000"
0.54,"12/7/2014"
0,"9/13/2015"
NA,""
0.2,"4/21/2018"
0.25,"6/30/1971"
0.08,"8/30/1973"
0.6,"6/1/1980"
0.09,"6/15/1980"
0.8,"6/15/1982"
0,"10/1/1997"
0.86,"7/16/2001"
0.5,"11/1/2001"
0.73,"1/10/2007"
0.36,"6/14/2008"
0.3,"11/22/2012"
0.25,"10/20/2015"
0.12,"5/19/1988"
0.58,"3/15/1998"
0.12,"5/7/2000"
0.75,"4/15/2001"
0.45,"8/15/1989"
0.68,"1/2/2013"
0.44,"4/3/2004"
0.06,"10/9/2010"
NA,""
0.85,"1/20/2020"
0.58,"5/15/1987"
0.87,"6/1/1997"
0.32,"11/1/1976"
0.32,"7/1/1963"
0.5,"3/15/1987"
0.86,"1/31/1981"
0.5,"8/15/1966"
0.65,"3/19/1987"
0.44,"4/18/2008"
0.67,"11/4/1974"
0.48,"10/9/2003"
0.83,"10/1/1983"
0.81,"2/6/2002"
0.06,"2/10/2005"
0.54,"11/15/1997"
0.75,"3/16/2001"
0.56,"8/7/2009"
0.69,"1/15/1982"
0.19,"3/26/2004"
0.37,"4/15/2019"
NA,""
0.04,"12/30/1997"
NA,""
0.98,"11/24/2011"
0.83,"10/30/2021"
NA,""
NA,""
NA,""
0,"10/16/2020"
0.36,"4/26/1999"
0.5,"5/26/2002"
NA,""
0.32,"8/8/2011"
NA,""
0.75,"6/17/2017"
0.77,"11/1/1999"
0.25,"9/15/1991"
0.2,"4/7/2003"
0.5,"8/29/2004"
0.18,"9/18/2015"
0,"8/18/2020"
0.42,"4/24/2021"
0.97,"6/9/2021"
0.29,"6/18/2021"
0.65,"7/1/1991"
0.5,"5/30/1999"
0.1,"12/28/2000"
0.36,"9/22/2007"
0.5,"7/15/2011"
0.09,"3/14/2013"
0.52,"2/15/2014"
0.84,"10/20/2003"
0.9,"9/28/1997"
0.67,"10/31/1996"
0.69,"8/25/1986"
0.75,"10/14/1987"
0.36,"7/15/1997"
NA,""
0.37,"12/22/2004"
0.1,"7/7/1997"
0.98,"1/31/2003"
0.98,"7/15/1977"
NA,""
0.33,"2/11/2003"
0.33,"4/1/1942"
0.5,"10/4/2009"
0.84,"5/14/2004"
0.22,"10/25/1971"
0.69,"11/28/1999"
0.75,"1/28/2000"
0,"7/1/2000"
0.86,"3/20/2001"
0.97,"4/22/2001"
0.5,"10/2/2001"
0.59,"6/27/2002"
0.41,"4/2/2004"
0.36,"4/30/2004"
0.53,"11/27/2004"
0.09,"12/14/2004"
0.19,"2/14/2005"
0.95,"1/17/2007"
0.03,"8/31/2008"
NA,""
0.42,"10/1/2009"
NA,""
0.86,"3/18/2012"
0.82,"5/15/2012"
0,"9/15/2012"
0.35,"4/3/2020"
0.52,"8/12/2022"
0.04,"7/7/2005"
0.52,"5/16/2003"
NA,""
0.97,"6/15/2015"
0.36,"9/24/2004"
0.75,"1/28/2000"
0.09,"10/19/2001"
0.97,"3/25/2009"
0.16,"8/14/2010"
0.33,"10/26/2020"
0.6,"7/16/2022"
0.9,"6/19/2009"
0.46,"5/3/2004"
NA,""
0.64,"9/8/2009"
0,"1/10/2005"
0.23,"9/1/1995"
0.33,"12/21/2004"
NA,""
0.91,"3/1/1992"
0.58,"6/17/1992"
NA,""
0.93,"8/15/1974"
0.68,"7/1/1972"
NA,""
0.93,"8/15/1974"
NA,""
0.62,"6/15/1976"
0.11,"6/30/1976"
0.12,"12/15/1985"
0.13,"7/15/1991"
NA,""
0.36,"9/15/1994"
NA,""
0.84,"10/15/1998"
0.36,"3/5/2001"
0.86,"3/20/2001"
0.44,"12/17/2002"
0.73,"10/5/2004"
0.31,"7/15/2005"
0.8,"11/7/2012"
0.8,"8/12/2020"
0.18,"8/24/1982"
NA,""
0.41,"4/30/1996"
NA,""
0.57,"2/11/2009"
0.16,"6/15/1983"
NA,""
NA,""
0.55,"10/5/2009"
0.11,"7/26/2017"
0.35,"9/1/2017"
0.12,"7/31/1984"
NA,""
0,"9/15/1993"
0.34,"6/15/1997"
0.59,"10/15/2000"
0.93,"10/14/2001"
0.95,"10/12/2004"
0.79,"10/3/1999"
0.58,"4/29/2002"
0.47,"6/13/2003"
0.18,"4/26/2012"
0.46,"10/1/1982"
0.28,"6/10/2000"
0.06,"3/26/2001"
0.19,"11/29/2003"
NA,""
0.35,"1/25/2010"
0.72,"6/3/2010"
0.5,"9/6/1979"
0,"4/4/2000"
NA,""
NA,""
0.12,"10/20/1982"
0.4,"7/15/1970"
0.02,"3/31/1995"
NA,""
0.45,"8/15/1970"
0,"3/19/1977"
NA,""
NA,""
NA,""
0,"8/23/1968"
NA,""
0.68,"11/15/1973"
0,"8/25/1976"
0.68,"7/15/1963"
0.56,"5/15/1976"
0.41,"8/15/1978"
NA,""
0.16,"8/15/1980"
0.94,"9/15/1982"
NA,""
0.75,"7/15/1990"
0.16,"4/15/1994"
0.25,"7/5/1995"
NA,""
NA,""
NA,""
0.11,"7/9/2005"
0.54,"9/1/2012"
0.44,"11/15/2013"
0.44,"7/15/1956"
0.58,"11/15/1970"
0.52,"7/1/1977"
0.67,"6/25/1978"
0.75,"9/1/1980"
0.87,"9/5/1980"
0.85,"10/4/1980"
0.95,"7/1/1989"
NA,""
0.25,"10/15/1991"
0.42,"8/20/2002"
0.31,"10/15/2002"
0.45,"8/28/2004"
0.5,"9/28/2004"
0.83,"11/15/2006"
0,"7/4/1997"
0.62,"8/15/2003"
0.04,"9/15/2004"
0.11,"7/2/2003"
0.5,"10/14/1970"
0.5,"10/1/1974"
NA,""
0.5,"7/27/1980"
0.36,"7/31/1982"
NA,""
NA,""
0.77,"7/1/1994"
0.1,"9/15/1996"
0.7,"9/8/2001"
0.61,"9/24/2002"
0.63,"5/23/2008"
0.36,"10/1/1979"
NA,""
0.97,"9/23/1995"
NA,""
0.67,"9/15/2003"
0.54,"7/3/2004"
0.83,"10/21/2011"
0.62,"10/24/2002"
NA,""
0.75,"7/1/1975"
0.69,"10/25/1975"
0.26,"9/1/1976"
0.88,"7/1/1978"
0,"10/1/1978"
NA,""
NA,""
0,"7/30/2000"
0.93,"6/8/2002"
0.37,"7/20/2002"
0.22,"4/15/2005"
0.29,"6/15/2005"
0.83,"11/15/2006"
0.8,"2/18/2009"
0.21,"3/2/2009"
NA,""
0.71,"7/1/1983"
NA,""
NA,""
0.78,"8/15/1998"
0.19,"9/19/2004"
0.58,"1/16/2006"
0.8,"12/10/2009"
0.44,"5/1/1977"
0.64,"12/18/1978"
0.13,"8/12/1983"
0.13,"8/12/1983"
0.7,"8/17/1984"
NA,""
0.64,"10/15/1992"
0.09,"7/15/1999"
0.47,"7/15/2000"
0.4,"9/10/2000"
0.5,"11/8/2003"
0,"7/17/2004"
NA,""
NA,""
0.38,"1/20/2016"
0.73,"7/23/2019"
NA,""
NA,""
0.83,"7/15/2001"
0.55,"8/31/2004"
0.5,"8/31/2012"
NA,""
0.64,"7/15/1976"
0.98,"7/15/1977"
0.11,"7/15/1980"
0.73,"10/15/1995"
NA,""
0,"7/10/2002"
0.54,"6/15/2003"
0.5,"6/21/2005"
0.77,"11/13/2006"
0.83,"10/15/1979"
0.37,"10/15/1994"
0.44,"7/10/1995"
0.87,"1/9/2002"
0.96,"9/5/2002"
NA,""
0.25,"10/15/1991"
0.59,"10/15/2000"
0.11,"10/30/2000"
0.46,"9/1/2001"
0.85,"7/24/2003"
0.5,"12/8/2003"
NA,""
0.63,"8/14/1995"
0.4,"9/13/1997"
0.37,"11/10/1997"
0.33,"8/2/1998"
0.66,"8/19/2000"
0.04,"8/18/2012"
NA,""
0.41,"7/9/2014"
NA,""
0.21,"11/4/1989"
0.21,"8/15/1949"
0.53,"11/9/2003"
0.27,"2/15/1978"
NA,""
NA,""
0.87,"4/10/1991"
NA,""
0.98,"10/1/1978"
NA,""
NA,""
0.26,"11/28/1987"
NA,""
NA,""
0.97,"11/17/2017"
0.5,"10/26/1996"
NA,""
0.67,"5/9/2004"
0.18,"10/11/2021"
NA,""
NA,""
0.75,"12/19/2008"
0.62,"1/19/2014"
0.62,"9/14/1967"
NA,""
0.33,"9/2/2006"
0.56,"2/16/2014"
NA,""
0.11,"5/20/1996"
NA,""
0.56,"8/24/2002"
0.11,"3/13/2005"
0.7,"6/13/2009"
0.09,"6/25/1971"
NA,""
NA,""
0.87,"8/29/1978"
NA,""
0.64,"8/15/1984"
NA,""
0.75,"7/4/1991"
0.86,"6/15/1993"
0.5,"8/2/1993"
0.61,"7/15/1995"
NA,""
0.69,"5/27/1997"
0.25,"6/8/2000"
0.71,"7/22/2000"
0.8,"3/18/2001"
0.47,"11/29/2001"
0.46,"2/15/2003"
0.1,"6/20/2004"
0.44,"9/26/2004"
0.3,"8/10/2008"
0.82,"8/25/2008"
NA,""
NA,""
NA,""
0.67,"9/24/2013"
NA,""
0,"9/15/1993"
NA,""
0.5,"8/3/2001"
0.11,"9/20/2001"
0.55,"6/4/2004"
0,"8/1/2008"
0.7,"8/6/2004"
0.38,"6/24/2018"
NA,""
0.98,"2/15/1980"
0.75,"11/14/1995"
NA,""
0.2,"8/21/2004"
0.55,"10/29/2004"
0.76,"4/15/2020"
0.06,"11/15/1974"
0.34,"9/15/1975"
NA,""
0.32,"8/14/1986"
0.5,"2/25/1994"
0.76,"3/17/2001"
0.45,"6/4/2001"
NA,""
0.46,"8/15/2008"
0.04,"5/15/1980"
0.48,"10/15/1978"
NA,""
0.5,"3/23/2016"
NA,""
0.67,"7/20/2011"
NA,""
NA,""
0.15,"8/12/2021"
NA,""
NA,""
NA,""
0.69,"7/3/1980"
NA,""
0.1,"10/15/1977"
NA,""
NA,""
NA,""
NA,""
NA,""
0.37,"10/15/1994"
NA,""
NA,""
0.78,"6/5/2010"
NA,""
NA,""
NA,""
0.91,"12/20/2022"
0.17,"10/15/1988"
NA,""
NA,""
NA,""
NA,""
0.83,"7/1/2005"
0.48,"10/1/1963"
0.5,"9/12/1973"
NA,""
0.06,"1/1/2006"
NA,""
NA,""
NA,""
NA,""
0.15,"10/19/2012"
0.03,"8/15/2015"
NA,""
NA,""
NA,""
0.83,"1/14/1921"
NA,""
0.12,"9/1/2011"
NA,""
0.75,"7/26/1978"
NA,""
NA,""
NA,""
0.35,"2/27/2007"
NA,""
NA,""
0.84,"10/15/1998"
0.67,"11/15/2011"
0.67,"7/1/1961"
NA,""
NA,""
NA,""
NA,""
0.91,"6/15/1985"
0.14,"8/16/1988"
NA,""
0.04,"1/30/2006"
0.25,"7/22/2007"
0.79,"11/3/2007"
0.66,"1/27/2008"
NA,""
0.62,"4/11/2020"
NA,""
0.2,"9/17/2007"
0.45,"10/24/2007"
0.87,"2/25/2014"
NA,""
0.42,"5/1/2015"
0.41,"8/15/2016"
NA,""
NA,""
NA,""
NA,""
NA,""
0.45,"11/30/2009"
0.67,"11/15/2011"
0.35,"10/5/2022"
0.56,"10/16/2008"
NA,""
0.61,"8/21/1978"
NA,""
0.44,"9/13/2008"
NA,""
NA,""
NA,""
NA,""
0.16,"9/30/2003"
NA,""
NA,""
0.84,"7/18/1969"
0.44,"10/10/1964"
0.32,"7/11/1981"
0.5,"10/31/2020"
NA,""
NA,""
0.88,"4/18/1974"
NA,""
NA,""
0.35,"5/8/2006"
0.86,"1/14/2007"
0.34,"9/1/1998"
0.91,"4/14/2007"
NA,""
0.02,"12/6/1991"
0.75,"7/1/1975"
0.36,"10/1/1998"
0.15,"12/5/2005"
NA,""
NA,""
NA,""
0.98,"8/15/1985"
0.09,"2/11/2005"
0.74,"10/17/2003"
0.46,"4/15/2003"
0.68,"6/24/1970"
NA,""
0.45,"5/30/2007"
0.1,"6/8/1978"
0.52,"6/1/2007"
0.81,"11/25/2005"
0,"12/4/2002"
0.47,"11/4/2006"
NA,""
0.64,"6/22/2008"
0.25,"11/1/2003"
0.8,"11/14/2006"
NA,""
NA,""
NA,""
0.84,"6/27/2019"
0.17,"8/2/2022"
NA,""
0.25,"10/20/2004"
0.07,"3/15/2021"
0.83,"10/30/2021"
0.23,"7/21/2007"
0.27,"5/2/2009"
0.46,"3/13/2006"
NA,""
NA,""
0.93,"11/11/2012"
0.58,"10/15/1981"
0.84,"4/1/1970"
0.24,"6/14/1986"
NA,""
NA,""
NA,""
0.33,"3/1/2004"
0.39,"10/14/1986"
0.61,"9/15/2011"
0.4,"6/17/1978"
NA,""
0.11,"8/15/1988"
0.75,"3/15/1993"
NA,""
0.72,"7/1/2002"
0.43,"4/11/2006"
0,"8/30/2008"
NA,""
0.85,"4/15/1985"
0.17,"10/20/1993"
0.17,"4/15/1966"
0.53,"5/24/1986"
0.96,"12/1/1994"
NA,""
0.04,"7/15/2007"
NA,""
0.94,"12/14/2009"
NA,""
0.47,"3/14/1987"
NA,""
NA,""
0.92,"6/10/1980"
0.91,"7/22/2006"
NA,""
0.91,"1/1/1955"
NA,""
NA,""
0.37,"10/15/1994"
0.03,"2/9/2005"
0.64,"3/1/2013"
0.38,"2/15/1981"
0.5,"10/14/1989"
0.52,"10/7/2006"
NA,""
0.85,"7/17/2009"
0.89,"5/31/2008"
0.08,"6/12/2021"
0.31,"10/1/1987"
0.59,"7/16/2003"
NA,""
NA,""
0.12,"8/3/2000"
NA,""
NA,""
0.5,"8/26/2018"
0.4,"9/9/2011"
0.21,"4/10/2000"
0.88,"7/18/2009"
0.15,"4/13/2005"
0.58,"11/15/1989"
0.78,"4/15/1974"
0.34,"6/6/2006"
0,"1/10/2005"
NA,""
0.93,"10/8/1988"
0.72,"12/19/1970"
0.39,"4/22/1994"
NA,""
0.07,"11/29/2008"
NA,""
NA,""
NA,""
NA,""
0.58,"10/15/1981"
NA,""
0.81,"6/1/2005"
0.92,"4/20/2020"
NA,""
0.5,"7/10/1987"
0.52,"7/11/1987"
0.24,"3/20/2021"
0.02,"6/15/2007"
0.36,"11/22/2004"
0.5,"7/10/2006"
0.09,"12/14/2004"
0.19,"9/16/1988"
0.5,"10/10/2003"
0.63,"7/23/2016"
0.58,"4/29/2002"
0.58,"11/11/1961"
0.65,"8/22/1997"
0.52,"8/30/2004"
0.27,"10/1/1976"
0.63,"12/12/2003"
0.75,"11/15/1995"
0.17,"4/24/2004"
0.25,"11/19/2004"
0.25,"8/1/2006"
0.29,"6/15/2005"
0.61,"10/30/2015"
0.86,"7/4/1975"
0.72,"12/31/1996"
0.8,"9/11/2001"
0.61,"1/28/2005"
0.94,"9/12/2004"
0,"6/23/2017"
0.02,"6/24/2017"
NA,""
NA,""
0.37,"4/28/2007"
0.89,"6/24/1995"
NA,""
0.17,"10/15/1988"
0.09,"12/23/1976"
0.81,"7/19/2006"
0.16,"7/15/1972"
0.8,"5/18/1990"
0.72,"11/18/2019"
0.42,"2/3/2004"
0.21,"9/15/1980"
0.58,"7/14/2014"
0.74,"4/15/1982"
0.98,"10/21/2006"
0.98,"4/15/1964"
0.32,"4/18/2005"
0.3,"11/30/1976"
0.04,"11/25/1992"
0.04,"7/20/1969"
0.02,"8/13/2007"
0.96,"6/15/1977"
0.62,"10/31/2004"
0.08,"1/10/2008"
0.18,"12/28/2003"
0.75,"4/11/2004"
0.28,"1/18/2005"
0.74,"10/17/2003"
0.29,"11/20/2004"
0.26,"10/15/2010"
0.98,"6/30/2011"
0.95,"8/27/2011"
0.37,"6/13/2019"
0.25,"10/23/2020"
0.36,"2/15/2000"
0.75,"2/1/2005"
0.58,"4/26/2005"
0,"5/8/2005"
0.82,"11/15/1987"
0.93,"11/2/2002"
0.75,"11/16/2003"
0.47,"1/11/1998"
0.44,"10/8/2003"
0.63,"12/12/2003"
0.25,"12/30/2003"
0.25,"12/30/2003"
0.5,"11/26/2004"
0.9,"11/15/2017"
0.06,"3/4/2022"
NA,""
0.54,"1/8/2004"
0.94,"9/12/2004"
0.43,"11/24/2004"
0.69,"6/27/2005"
0.2,"11/15/2007"
0.63,"6/11/2009"
0.91,"10/22/2003"
0.67,"10/3/2004"
0.67,"10/3/2004"
NA,""
0,"4/3/2011"
0.84,"4/2/2016"
0.97,"11/25/1981"
0.68,"10/15/2003"
0.44,"2/6/1982"
0.25,"11/17/2007"
0.44,"6/30/2004"
0.4,"1/6/2001"
0.4,"9/30/1930"
0.57,"12/8/2014"
0.03,"8/15/1977"
NA,""
0.23,"8/13/1994"
0.98,"11/1/1986"
0.57,"12/10/2003"
0.48,"12/29/2001"
0.71,"1/13/2004"
0.93,"2/13/2018"
0.15,"4/19/1980"
0.5,"5/4/2004"
0.52,"6/3/2004"
0.93,"6/15/2004"
0.18,"7/22/2004"
0.13,"8/19/2004"
0.5,"11/26/2004"
0.25,"1/17/2005"
0.75,"2/2/2005"
0.56,"9/22/2021"
0.25,"1/17/2005"
0.75,"2/1/2005"
0.18,"7/15/1983"
0.17,"4/17/2002"
0.5,"11/26/2004"
0.8,"5/2/2005"
0.55,"10/29/2004"
0.54,"10/18/2005"
0.11,"4/1/2006"
NA,""
NA,""
NA,""
0.83,"1/4/2016"
NA,""
NA,""
0.53,"11/27/2004"
0.75,"9/6/2004"
0.43,"9/26/2004"
0.44,"10/8/2003"
0.67,"12/24/1983"
0.87,"10/21/2003"
0.04,"12/24/2003"
0.67,"10/3/2004"
0.58,"6/30/1980"
0.57,"1/9/2004"
0.63,"12/12/2003"
NA,""
0.73,"12/3/2004"
0.13,"7/5/2000"
0.4,"4/16/2019"
0.44,"10/8/2003"
0.84,"6/30/1978"
0.73,"6/30/1975"
0.27,"12/31/2003"
0.98,"2/19/2004"
0.29,"7/4/2006"
0.82,"7/26/2019"
0.02,"8/16/2004"
0.06,"5/15/2010"
0.61,"4/15/1979"
0.19,"11/29/2003"
0.08,"2/22/2004"
0.25,"2/27/2004"
0.25,"2/27/2004"
0.27,"2/28/2004"
0.27,"2/28/2004"
0.75,"10/19/2011"
0.57,"1/9/2004"
0.13,"8/27/2006"
0.38,"12/20/2007"
0.6,"3/15/2017"
0.21,"12/29/2003"
0.41,"1/2/2015"
0.85,"4/18/2020"
0.92,"7/13/2015"
0.94,"7/2/2016"
0.46,"7/18/2016"
0.29,"9/22/2004"
0.41,"1/15/2003"
0.55,"4/25/2005"
0.33,"8/14/2005"
0.97,"11/2/2013"
0.82,"3/25/2014"
0.79,"4/15/1993"
0.3,"4/28/2004"
0.25,"12/30/2003"
0.5,"12/8/2003"
0.3,"3/19/2005"
0.3,"6/30/1938"
0.61,"9/30/1977"
0.42,"11/6/2003"
0.85,"9/14/1990"
0.18,"12/15/1996"
0.42,"7/1/1993"
0.03,"1/22/2004"
0.04,"6/17/2015"
0.88,"4/30/1981"
0.91,"10/22/2003"
0.36,"7/15/1997"
0.84,"10/15/1998"
0.12,"10/1/2000"
0.33,"3/1/2004"
0.83,"8/10/2004"
0.41,"4/21/2005"
NA,""
0,"10/23/2014"
0.25,"11/29/2014"
0.88,"5/30/2019"
0.6,"7/30/2018"
0,"9/15/2012"
0.65,"1/9/2015"
0.21,"5/30/1990"
0.18,"5/24/2004"
0.54,"12/27/2004"
0.66,"12/1/2004"
0.74,"12/15/2003"
0.75,"12/16/2003"
0.09,"4/8/2008"
0.24,"11/25/2017"
0.08,"12/20/2017"
0.08,"6/30/1964"
0.16,"7/15/1972"
0.97,"4/15/1988"
0.74,"12/15/2003"
0.29,"1/30/2004"
0.08,"8/22/2009"
NA,""
0,"7/15/2015"
0.25,"10/20/2004"
0.17,"8/25/2009"
0.16,"7/15/1972"
0.9,"10/28/1978"
0.1,"8/25/1979"
0.5,"9/15/2008"
0.5,"10/18/1968"
0.81,"6/15/2001"
0.05,"2/13/2002"
0.08,"9/15/1977"
0.47,"12/25/2004"
NA,""
0.78,"9/4/1988"
0.36,"8/15/2005"
0.44,"8/16/1978"
0.44,"8/1/1964"
NA,""
0.46,"7/17/1970"
0.21,"10/15/2018"
0.44,"7/19/1986"
NA,""
0.75,"6/13/2001"
0.06,"10/15/2004"
NA,""
0.34,"11/14/2021"
0.92,"8/2/2005"
0.83,"7/9/2007"
0.47,"10/31/1982"
0.54,"5/4/1996"
0.12,"1/31/1998"
0.41,"3/15/2003"
0.61,"7/5/2004"
0.38,"9/14/2005"
0.74,"10/17/2003"
NA,""
0.76,"8/15/1979"
0.72,"1/22/2014"
0.98,"2/19/2004"
0.25,"1/17/2005"
0.38,"9/2/2017"
NA,""
0.28,"8/22/1977"
NA,""
0.31,"5/19/1994"
0.31,"10/19/1988"
0.05,"8/17/1985"
0.13,"10/3/1989"
NA,""
0.25,"10/19/1977"
NA,""
NA,""
0.09,"11/16/2012"
0.08,"10/17/2012"
0.96,"5/19/2012"
NA,""
0.04,"7/24/1998"
0.55,"12/20/2021"
0.43,"4/23/2013"
0.36,"9/15/2013"
NA,""
0.75,"8/15/2006"
0.2,"10/7/1978"
0.35,"9/20/1999"
0.84,"1/5/2005"
0.5,"9/7/2006"
0,"10/21/2006"
0.83,"8/10/2004"
0.34,"12/7/2008"
NA,""
0.43,"3/4/2004"
0.32,"8/22/2007"
0.65,"7/11/2009"
NA,""
0.29,"8/22/1996"
0.7,"11/20/1997"
NA,""
0.79,"10/15/2006"
0.6,"9/13/2003"
0.5,"9/12/2011"
0.54,"9/16/1970"
0.09,"10/16/2004"
0.87,"11/18/1995"
0.88,"1/9/2021"
0.75,"4/4/2002"
0.75,"7/1/1957"
0.7,"9/19/1981"
0.75,"10/15/1976"
0.45,"4/16/2011"
0.16,"5/30/1998"
0.92,"8/1/1978"
0.36,"5/16/1970"
0.89,"12/15/1998"
0.32,"5/15/1970"
0.94,"8/15/2012"
0.75,"1/16/2012"
0.41,"11/15/1994"
NA,""
0.56,"10/15/2019"
0.4,"8/21/2010"
0.13,"12/28/2011"
0.79,"3/16/2012"
0.84,"8/31/2013"
0.4,"8/7/2014"
NA,""
NA,""
0.15,"2/16/2002"
0.13,"4/3/2014"
0.4,"11/5/2022"
0.2,"10/22/2020"
0.45,"1/7/2012"
NA,""
0.6,"4/19/2003"
0.42,"7/1/1993"
0.59,"10/14/2011"
0.68,"8/11/1990"
0.66,"11/13/2003"
0,"8/2/2016"
0.58,"7/26/2021"
0.21,"6/2/2006"
0.68,"7/21/2000"
0.95,"12/22/1992"
0.58,"11/15/2008"
0.46,"12/20/1980"
0,"5/3/2011"
0.6,"9/29/2007"
0.15,"1/12/2008"
0.43,"6/13/1973"
0.35,"7/15/1978"
0.66,"8/15/1995"
0.33,"12/21/2004"
0.46,"7/28/2007"
0.65,"10/4/2012"
0.69,"3/29/1997"
0.67,"5/28/2005"
0.1,"8/17/2015"
0.42,"11/18/1972"
0.04,"7/1/1992"
0.47,"7/15/2000"
0.75,"11/1/1988"
0.66,"8/30/1980"
0.21,"6/21/2007"
0.94,"4/5/2016"
NA,""
NA,""
NA,""
NA,""
0.7,"8/25/2005"
0.39,"11/11/1978"
0.57,"8/16/1967"
0.56,"8/15/1973"
0.48,"7/29/1977"
0.59,"9/16/1981"
0.55,"5/16/1984"
0.32,"7/26/1985"
0.66,"7/15/1987"
0.29,"5/3/1990"
0.89,"10/10/2004"
0.71,"3/31/2005"
0.06,"2/4/2011"
0.94,"3/20/2012"
NA,""
0.77,"4/24/2003"
0.02,"3/6/2000"
0.75,"1/16/2001"
0.47,"3/8/2001"
0.57,"3/11/2001"
0.86,"11/19/2003"
0.65,"6/16/1976"
0.46,"8/27/1977"
0.94,"9/7/1980"
0.69,"7/11/1982"
0.87,"10/20/1984"
0.76,"9/15/1987"
0.25,"7/5/1995"
0.74,"9/9/2001"
0.87,"8/4/2002"
0.75,"4/23/2003"
0.5,"7/13/2003"
0.62,"8/15/2003"
0.08,"12/3/2005"
NA,""
0.56,"6/14/2014"
0.8,"1/21/2017"
0.93,"8/19/2017"
0.2,"9/15/2018"
NA,""
NA,""
0.46,"12/7/2003"
0.47,"1/21/2008"
0.88,"9/9/2015"
0.38,"12/24/2012"
0.89,"5/10/1991"
0.71,"7/15/1979"
0.59,"5/19/1973"
0.1,"10/15/1977"
0.16,"8/15/1980"
0.56,"9/15/1981"
0.96,"1/23/1982"
0,"11/15/1982"
0.41,"9/15/1986"
0.89,"4/14/1996"
0.07,"3/19/1999"
0.53,"6/17/2000"
0.94,"9/15/2001"
0.25,"5/8/2003"
0.89,"10/10/2004"
0,"10/13/2004"
0.27,"10/21/2004"
0.42,"9/15/2005"
0.86,"2/23/2006"
0.93,"6/1/2008"
0.57,"9/21/2013"
0.5,"9/8/2014"
0.97,"2/25/2017"
0.06,"8/20/2020"
0.28,"4/14/1970"
0.25,"5/13/1970"
0.54,"4/18/1973"
0.04,"10/16/1974"
0.75,"7/31/1975"
0,"8/14/1977"
0.36,"11/26/1982"
0.3,"8/17/1983"
0.64,"8/15/1984"
0.75,"10/17/1984"
0.82,"12/25/1986"
0.86,"6/18/1990"
0.55,"12/3/1990"
0.25,"10/15/1991"
0.96,"4/1/1992"
0.18,"9/10/1994"
0.65,"9/13/1995"
0.96,"2/17/1996"
0.75,"5/18/1998"
0.07,"6/15/1999"
0.41,"5/15/2000"
0.5,"8/14/2000"
0.65,"5/1/2002"
0.19,"7/15/2002"
NA,""
0.22,"5/25/2004"
NA,""
0.19,"7/22/2004"
0.57,"9/30/2004"
0.56,"6/23/2005"
0.34,"7/16/2005"
0.31,"9/12/2005"
0.33,"10/12/2005"
0.89,"3/15/2007"
0.82,"1/2/2008"
NA,""
0.46,"8/4/2009"
NA,""
0.11,"5/2/2014"
0.64,"10/31/2015"
0.94,"4/5/2016"
0.37,"6/25/1988"
0.35,"6/22/1991"
0.11,"9/1/2000"
0.54,"6/15/2003"
NA,""
NA,""
0.15,"11/16/2004"
NA,""
0.13,"3/3/2006"
0.44,"11/3/2006"
0.7,"1/28/2008"
0.7,"1/28/2008"
0.95,"7/1/2008"
0.71,"1/25/2011"
0.67,"8/27/2021"
0.71,"7/30/1965"
0.81,"11/22/1970"
0.82,"9/1/1983"
0.79,"12/15/1995"
0.75,"1/1/1997"
0.03,"7/5/1997"
0.82,"10/25/1997"
0,"7/30/2000"
0.35,"10/8/2000"
0.1,"8/18/2004"
0.1,"10/16/2004"
0.86,"12/7/2004"
NA,""
NA,""
NA,""
0.44,"5/12/2014"
0.62,"1/27/2016"
0.56,"5/12/2017"
0.84,"7/15/2020"
NA,""
0.02,"1/13/2021"
0.67,"8/27/2021"
0.33,"10/15/2021"
0.14,"5/18/1980"
0.96,"10/15/1982"
0.7,"5/15/1990"
0.97,"4/13/1991"
0.53,"9/14/2000"
0.5,"3/18/2003"
0.75,"4/23/2003"
0.96,"8/14/2004"
0.61,"4/16/2006"
0.25,"9/15/2010"
0.28,"7/10/2019"
0.28,"8/18/1967"
0.28,"11/15/1969"
0.28,"11/19/1969"
0.06,"8/5/1978"
0.21,"9/15/1980"
0.17,"11/12/1980"
0.98,"6/1/1981"
0.12,"9/22/1990"
0.9,"10/15/1990"
0.25,"7/15/1994"
0.25,"2/25/1996"
0.62,"11/7/1998"
0.09,"11/21/1998"
0.39,"4/15/2000"
0.45,"10/11/2000"
0.59,"10/15/2000"
0.7,"5/13/2001"
0.46,"9/1/2001"
0.17,"6/15/2002"
0.27,"9/14/2002"
0.44,"9/19/2002"
0.93,"11/2/2002"
0.62,"8/15/2003"
0.83,"6/12/2004"
0,"11/12/2004"
0.07,"9/5/2005"
NA,""
0.67,"9/12/2006"
0.93,"11/18/2006"
0.89,"1/15/2007"
0.17,"8/6/2008"
0.75,"5/17/2009"
0.91,"6/9/2010"
0.25,"9/15/2010"
NA,""
0.09,"7/3/2011"
0,"1/22/2012"
0.44,"6/2/2012"
0.8,"6/2/2013"
0.33,"11/12/2013"
NA,""
NA,""
NA,""
NA,""
0.06,"4/24/2020"
0.07,"5/24/2020"
0.8,"12/27/2021"
0,"10/13/2004"
0,"7/18/1960"
0.35,"7/15/1978"
NA,""
0.58,"8/15/1992"
0.06,"8/29/1992"
0,"10/15/1993"
0.89,"4/14/1996"
0.44,"7/3/2001"
0.12,"5/15/2002"
0.9,"11/1/2002"
0.69,"6/8/2004"
0.15,"11/16/2004"
0.78,"9/26/2005"
0.44,"11/3/2006"
0.96,"11/19/2006"
0.23,"11/16/2007"
0.18,"3/12/2008"
0.88,"9/4/2010"
0.24,"1/11/2011"
0.71,"1/25/2011"
0.5,"1/15/2014"
0.23,"8/28/2017"
0.23,"9/15/1949"
0.53,"10/15/1970"
0,"1/30/1976"
0.23,"6/15/1994"
0.3,"5/26/1996"
0.5,"10/15/1997"
0.29,"10/6/2000"
0.86,"10/12/2001"
NA,""
NA,""
0.5,"10/17/2005"
0.25,"8/1/2006"
0.86,"8/19/2006"
0.22,"9/28/2006"
0.5,"10/6/2006"
0.89,"10/18/2006"
0.95,"10/20/2006"
0.25,"5/23/2007"
0.55,"7/19/2008"
0.63,"8/17/2011"
NA,""
0.39,"5/2/2012"
0.87,"10/19/2014"
0.18,"5/23/2015"
0.65,"8/4/2015"
0.09,"12/26/1992"
0.7,"11/1/1996"
0.91,"4/20/2001"
0.25,"4/12/2008"
NA,""
0.36,"8/24/1996"
0.5,"10/26/1996"
0.75,"9/12/1998"
0.63,"7/17/2003"
0.32,"4/18/2005"
0.75,"7/27/2005"
NA,""
0.93,"10/17/2017"
0.25,"12/15/2018"
NA,""
0.25,"7/15/1967"
NA,""
0.15,"3/1/1971"
0.26,"6/27/1974"
0.25,"10/11/1975"
0.29,"10/13/1975"
0.74,"9/15/1976"
0.64,"10/1/1977"
0.77,"4/30/1978"
0.35,"7/15/1978"
0.91,"11/16/1979"
0.63,"12/7/1979"
0.06,"4/16/1980"
0.94,"5/31/1981"
0.83,"7/15/1982"
0.88,"8/15/1982"
0.97,"5/11/1983"
0.93,"8/6/1983"
0.41,"9/15/1986"
0.32,"7/5/1987"
0.28,"7/30/1990"
0.88,"6/8/1991"
0.89,"1/1/1992"
0.8,"4/15/1993"
0.66,"9/24/1994"
0.91,"5/26/1995"
0.42,"6/10/1995"
0.36,"1/1/1996"
0.09,"8/16/1996"
0.64,"6/24/1997"
0.96,"11/28/1997"
0.83,"9/15/1998"
0,"4/15/1999"
0.25,"8/18/1999"
0.27,"3/13/2000"
0.56,"8/16/2000"
0.32,"10/7/2000"
0.08,"4/25/2001"
0.29,"5/1/2001"
0.19,"7/15/2002"
0.36,"11/15/2002"
0.39,"11/16/2002"
0.13,"4/5/2003"
0.53,"12/9/2003"
NA,""
0.03,"11/2/2005"
NA,""
0.75,"8/15/2006"
0.97,"9/10/2007"
0.13,"6/7/2008"
0.78,"8/24/2008"
0.48,"9/14/2008"
0,"9/29/2008"
0.75,"11/19/2008"
NA,""
NA,""
0.31,"5/22/2010"
0.48,"6/25/2010"
0.61,"5/20/2011"
NA,""
0.93,"5/18/2012"
0.41,"6/1/2012"
0.89,"9/12/2012"
0.75,"10/7/2012"
0.85,"10/10/2012"
0,"10/15/2012"
0.02,"3/1/2014"
0.5,"10/8/2014"
0.53,"11/7/2014"
0.95,"11/20/2014"
0,"11/11/2015"
0.27,"3/16/2016"
0.75,"5/29/2016"
0.52,"4/30/2018"
NA,""
0.7,"9/30/2018"
0.08,"1/15/2021"
0.76,"5/4/2021"
0.5,"7/15/1973"
0.87,"5/10/1980"
0.14,"8/9/1986"
0.11,"5/13/1994"
NA,""
0.93,"6/15/2004"
0.86,"8/19/2006"
0.75,"6/15/2009"
0.5,"10/22/2010"
NA,""
0.47,"11/9/2011"
0.7,"4/6/2018"
0.2,"9/15/2018"
0.2,"5/1/1950"
0.2,"10/18/1967"
0.2,"3/5/1969"
0.2,"3/9/1969"
0.22,"8/27/1971"
0.32,"5/22/1972"
0.75,"4/29/1978"
0.02,"4/15/1980"
0.68,"6/8/1985"
0.47,"7/1/1985"
0.13,"7/15/1991"
0.5,"8/2/1993"
0.29,"5/15/1997"
0.34,"6/15/1997"
0.7,"11/20/1997"
0.81,"6/18/1998"
0.19,"8/27/1998"
0.89,"9/6/1999"
0.37,"10/20/1999"
0.57,"9/15/2000"
NA,""
0.33,"3/4/2001"
0.75,"8/11/2001"
0.89,"8/15/2001"
0.84,"8/3/2002"
0.48,"10/20/2002"
0.87,"6/25/2003"
NA,""
0.04,"9/15/2004"
NA,""
0.88,"11/8/2004"
0.6,"11/29/2004"
0.89,"2/5/2005"
0.5,"8/19/2005"
0.56,"11/17/2005"
0.75,"9/3/2007"
0.97,"11/26/2008"
0.68,"9/9/2009"
0.58,"9/25/2010"
NA,""
NA,""
0.25,"11/7/2016"
0.08,"9/1/2019"
0.31,"1/4/2020"
0.77,"5/15/2020"
0.15,"7/24/2020"
NA,""
0.07,"12/16/2020"
0.25,"8/5/2022"
0.39,"5/14/1958"
0.88,"10/15/1971"
0.81,"10/20/1973"
0.58,"7/6/1974"
0,"9/15/1974"
0.18,"4/16/1975"
0.52,"5/25/1975"
0.65,"12/29/1977"
0.8,"1/11/1980"
0.33,"5/24/1980"
0.5,"6/28/1980"
0.5,"10/17/1986"
0,"7/13/1988"
0.93,"6/1/1989"
0.58,"4/17/1995"
0.16,"4/1/1998"
0.22,"8/28/1998"
0.91,"5/12/1999"
0.05,"2/6/2000"
0.11,"9/1/2000"
0.14,"9/2/2000"
0.75,"9/20/2000"
0.41,"8/1/2001"
0.12,"5/15/2002"
0.75,"6/21/2003"
0.07,"7/1/2003"
0.54,"7/3/2004"
0.57,"9/30/2004"
0.7,"3/1/2005"
0.38,"4/20/2005"
0.06,"11/3/2005"
NA,""
0.75,"10/13/2006"
0.12,"10/14/2007"
0.83,"2/1/2008"
0.46,"8/15/2008"
0.45,"9/13/2008"
0.48,"7/6/2009"
0.95,"6/10/2010"
0.79,"4/26/2011"
0.13,"9/1/2011"
NA,""
0.29,"8/25/2012"
0.8,"11/7/2012"
0.95,"12/11/2012"
NA,""
0.03,"8/7/2013"
0.6,"11/20/2013"
0.93,"10/21/2014"
0.7,"5/9/2015"
0.25,"8/10/2016"
0.25,"12/28/1961"
0.25,"2/15/2005"
0.25,"9/15/2010"
0.37,"1/8/2017"
0.52,"9/2/2020"
0.04,"12/15/2020"
0.03,"7/2/1981"
0.35,"7/8/1984"
0.06,"10/15/2004"
0.13,"10/17/2004"
0.25,"7/15/2013"
0.69,"10/24/2013"
0.54,"8/30/2015"
0.75,"9/5/2015"
0.3,"5/15/2016"
0.42,"9/3/2017"
0.03,"10/17/2020"
0.57,"10/22/2021"
0,"10/15/1993"
0.25,"8/30/1968"
0.25,"3/15/1967"
0.3,"7/20/1991"
0.56,"12/6/2006"
0.96,"6/16/2004"
0.5,"8/15/1981"
0.75,"4/28/2008"
0.72,"5/6/2018"
NA,""
0.75,"9/17/2022"
0.96,"10/15/2001"
NA,""
0.61,"6/26/2013"
0.44,"12/15/2013"
0.4,"10/17/2021"
0.64,"11/9/2006"
0.29,"3/25/2018"
0.31,"7/18/2021"
0.41,"8/15/1997"
0.8,"7/5/2010"
NA,""
0.11,"8/10/1975"
0.16,"5/22/1977"
0.41,"8/15/1978"
0.47,"7/15/2000"
0.38,"10/17/2002"
0.86,"8/11/2004"
NA,""
0.13,"10/17/2004"
0.35,"1/20/2005"
0.29,"4/17/2005"
NA,""
0.08,"12/3/2005"
0.02,"7/25/2006"
0.35,"8/23/2007"
NA,""
0.25,"9/22/2012"
0.84,"6/22/2014"
0.42,"9/6/2014"
0.8,"12/15/2014"
0.06,"10/2/2016"
0.34,"5/21/2021"
0.68,"5/31/2021"
0.75,"6/20/2022"
0.75,"5/15/1948"
0.75,"5/1/1966"
0.41,"7/3/1982"
0.59,"9/24/1983"
0.68,"7/18/1984"
0.29,"5/15/1997"
0.33,"1/4/2001"
0.22,"9/20/2004"
0.93,"10/11/2004"
0.89,"4/5/2005"
NA,""
0.54,"8/25/2010"
0.4,"1/16/2011"
0.25,"9/4/2011"
0.34,"6/30/2020"
0.41,"1/15/1984"
0.37,"6/28/1985"
0.35,"6/14/1989"
0.8,"2/15/1993"
0.66,"8/15/1995"
0.39,"11/5/2003"
0.37,"5/25/2018"
0.25,"9/15/1991"
0.62,"1/24/2000"
0.75,"7/24/2000"
0.75,"7/1/1952"
0.93,"7/1/1970"
0.21,"8/15/1972"
0.39,"5/15/1981"
0.56,"7/14/1984"
0.21,"9/1/1984"
0.65,"10/27/1991"
0.84,"10/15/1998"
0.83,"7/15/2001"
0.91,"5/9/2002"
0.23,"5/18/2002"
0.33,"7/5/2006"
0.67,"7/15/2006"
0.93,"11/18/2006"
0.81,"8/7/2007"
0.79,"9/12/2009"
0.13,"6/1/2014"
0.25,"9/23/2020"
0.13,"7/1/1995"
NA,""
0.7,"3/1/2005"
0.75,"10/14/2006"
0.08,"10/1/2008"
0.37,"9/15/2013"
NA,""
NA,""
0.75,"8/31/1972"
0.53,"6/21/1978"
0.37,"6/2/1982"
0.44,"6/4/1982"
0.89,"10/1/1994"
0.47,"1/15/1995"
0.13,"7/1/1995"
0,"4/17/1996"
0.96,"7/3/1997"
0.5,"10/15/1997"
0.2,"10/15/1999"
0.19,"12/1/2000"
NA,""
0.75,"8/1/2002"
0.94,"7/15/2004"
0.43,"7/29/2004"
NA,""
0.25,"12/18/2004"
0.44,"10/15/2005"
0.89,"10/29/2005"
0,"12/1/2005"
NA,""
NA,""
0,"4/5/2008"
NA,""
0.09,"7/5/2008"
0.38,"7/14/2008"
0.16,"7/26/2009"
0.37,"11/17/2010"
0.44,"6/2/2012"
NA,""
0.86,"9/30/2013"
0.47,"3/15/2014"
NA,""
0.03,"10/1/2016"
0.86,"11/3/2018"
0.43,"1/15/2022"
NA,""
0.31,"10/15/2002"
0.32,"10/20/2007"
0.78,"3/19/2009"
0,"11/29/1997"
0.52,"6/13/2014"
NA,""
0.63,"7/15/1976"
0.63,"8/15/1968"
0.83,"3/10/2010"
0.25,"8/1/1979"
0,"6/25/2006"
0.66,"8/12/1979"
0,"5/25/1979"
0.89,"2/5/2005"
NA,""
0.37,"10/15/1994"
NA,""
0.73,"11/5/2012"
0.84,"12/27/2013"
0.17,"9/10/1975"
0.1,"1/12/2016"
0.78,"8/15/2017"
0.91,"10/15/2009"
0,"10/20/1979"
0.38,"4/15/1981"
0.83,"11/19/1992"
0.09,"2/18/1999"
0.1,"6/20/2004"
0.6,"4/28/2013"
0.91,"11/19/2014"
NA,""
0.54,"9/1/2012"
NA,""
0.97,"7/27/1984"
NA,""
0.83,"7/15/2001"
0.33,"11/5/2011"
0.25,"7/9/2019"
0.31,"4/21/2002"
0.66,"11/24/2002"
0.91,"7/14/2004"
0.87,"1/6/2005"
0.32,"7/12/2008"
0.15,"7/12/2013"
0.58,"6/30/2018"
0.18,"7/15/1983"
0.92,"10/26/2008"
0.08,"7/27/2006"
0.46,"4/15/2003"
0.94,"11/1/1975"
0.03,"9/30/1989"
0.27,"11/21/2012"
NA,""
0.41,"6/27/2007"
0.28,"6/10/2000"
0.22,"10/9/2005"
0.83,"7/12/1985"
0.83,"6/15/1961"
0.81,"9/1/1983"
0.54,"8/10/2006"
0.53,"10/15/2008"
0.66,"2/14/2009"
0.25,"7/15/1975"
0.47,"7/10/1976"
0.25,"11/7/1997"
0.6,"7/30/2018"
0.15,"11/16/2004"
0.65,"10/30/2007"
0.18,"5/10/2008"
0.57,"8/18/2008"
NA,""
0.59,"10/1/1985"
0.39,"8/19/2002"
0.77,"3/28/2000"
0.86,"4/15/2004"
0.06,"10/28/2011"
0.31,"1/18/2016"
0.75,"9/11/2009"
0.58,"6/5/2004"
NA,""
0.6,"9/5/2001"
0.91,"11/12/2001"
0.88,"11/24/1989"
0.85,"7/4/1975"
0.08,"10/5/2005"
0.08,"11/24/1969"
0.07,"11/5/1994"
0.02,"12/12/2004"
0,"8/12/2007"
0.31,"5/10/2003"
0.13,"11/27/2003"
0.59,"8/10/1979"
0.59,"8/1/1969"
0.29,"8/1/1998"
0.02,"7/22/2009"
0.91,"10/15/2009"
0.66,"7/15/2006"
0.46,"11/25/2004"
NA,""
0.65,"7/15/1987"
0.06,"12/1/1997"
0.5,"6/30/2007"
0.35,"11/21/2015"
NA,""
0.97,"10/11/1996"
0,"1/28/1998"
0.6,"7/1/1999"
0,"10/16/2001"
0,"8/8/2002"
0.31,"1/1/2004"
0.82,"1/13/2007"
0.11,"6/18/2007"
0.58,"7/2/2007"
0.79,"7/8/2007"
0.84,"11/1/2010"
0.47,"8/30/2012"
0.2,"11/19/2012"
0.38,"10/19/1991"
0.58,"10/30/2004"
0.03,"4/9/2005"
0.15,"4/13/2005"
0.21,"4/27/2012"
0.87,"6/15/2012"
0.17,"9/6/2016"
0.56,"9/28/2007"
0.39,"3/18/2008"
NA,""
0.75,"9/23/1997"
0.47,"7/15/2000"
0.11,"1/13/2005"
0.7,"1/9/2007"
0.13,"5/20/2007"
0.04,"8/2/2008"
0.25,"8/14/2013"
NA,""
0.2,"7/29/2017"
0.17,"8/13/2002"
0.75,"3/29/2008"
0.25,"7/4/1987"
0.74,"7/23/2000"
0.04,"12/28/2008"
0.39,"12/12/2005"
0.87,"1/20/2001"
0.05,"12/1/1978"
0.58,"6/10/1990"
0.25,"5/12/2008"
0.34,"8/1/1990"
0.11,"3/13/2005"
0.44,"5/4/1974"
0.55,"10/8/2006"
0.37,"10/15/1994"
0.42,"11/1/1998"
0.7,"7/16/2006"
0.7,"11/15/1960"
0.57,"8/8/1990"
0.15,"7/29/2006"
0.29,"7/4/2006"
0.75,"5/30/2005"
0.63,"3/18/2006"
0.69,"11/12/2014"
0.62,"7/1/1980"
0.81,"6/15/2001"
0.64,"11/28/2007"
0.92,"11/30/2013"
0.42,"7/27/2007"
0.71,"5/15/2009"
NA,""
NA,""
0.38,"9/5/2014"
0.62,"5/16/2006"
0.38,"11/28/2009"
0.16,"4/20/1999"
0.41,"1/15/1984"
NA,""
NA,""
NA,""
0.83,"6/6/1972"
NA,""
NA,""
0.5,"5/31/2007"
0.45,"11/2/1998"
NA,""
0.03,"9/1/1970"
NA,""
0.08,"6/7/2016"
0.36,"5/25/2018"
0.6,"4/21/2000"
0.08,"2/22/2004"
0.76,"8/27/2005"
0.2,"2/26/2004"
0.33,"7/4/1979"
0.87,"1/6/2005"
0.5,"10/15/1997"
0.58,"6/30/1980"
0.81,"9/15/1979"
0.46,"8/15/2008"
NA,""
0.48,"9/30/1974"
0.7,"12/21/2005"
0.43,"3/31/2007"
NA,""
0.65,"10/2/2015"
0.48,"5/17/2000"
0.35,"10/2/2006"
NA,""
0.58,"2/20/2011"
0.21,"8/15/1972"
0.54,"8/25/1972"
0.29,"8/13/2005"
0.66,"7/5/1996"
0.82,"9/15/1998"
0.82,"9/18/1957"
0.58,"10/15/2000"
0.94,"9/12/2004"
NA,""
NA,""
NA,""
NA,""
0.13,"4/23/2004"
0.11,"2/1/2006"
0.76,"8/15/1979"
NA,""
NA,""
NA,""
0.42,"11/13/2005"
0.08,"7/27/2006"
0.98,"1/25/2009"
0.75,"11/21/2016"
0.73,"4/7/2018"
0.32,"12/10/2005"
0.89,"1/15/2007"
0.54,"12/29/2012"
0.75,"7/25/2008"
0.85,"10/18/1976"
0.78,"7/9/1977"
NA,""
0.75,"6/15/1990"
0.65,"7/1/1991"
0.06,"2/1/1995"
0.54,"11/15/1997"
NA,""
NA,""
NA,""
0.23,"6/23/2015"
0.25,"9/20/2015"
0.65,"10/2/2015"
0.89,"3/5/2016"
0.75,"9/15/2014"
NA,""
NA,""
0.14,"7/8/2016"
0.05,"10/31/1970"
0.53,"1/10/2001"
NA,""
0.66,"9/15/2003"
0.25,"10/29/2006"
NA,""
0.2,"9/4/1981"
NA,""
0.56,"6/3/1977"
NA,""
0.91,"10/16/1971"
NA,""
0.91,"6/15/1953"
0.75,"12/24/1986"
NA,""
0.5,"10/18/2013"
NA,""
0.56,"1/11/1982"
NA,""
0.37,"9/17/2002"
NA,""
0.06,"11/3/2005"
0.1,"3/7/2011"
0.55,"7/16/2011"
NA,""
NA,""
0.58,"8/6/2001"
NA,""
0.5,"6/2/2004"
NA,""
0.32,"7/26/2004"
NA,""
0.18,"3/12/2008"
0.84,"5/7/1983"
NA,""
0.13,"12/15/2004"
0,"1/10/2005"
0.5,"6/21/2005"
0.23,"8/11/2005"
0,"7/20/2020"
NA,""
0.09,"3/16/2002"
0.17,"6/15/2002"
0.81,"10/19/2003"
0.06,"8/6/2005"
0.3,"10/11/2005"
0.62,"5/12/2009"
NA,""
NA,""
NA,""
0.72,"7/15/1998"
0.32,"12/10/2005"
0.75,"12/23/2005"
0.32,"3/9/2006"
0.3,"4/7/2006"
NA,""
NA,""
NA,""
0.25,"5/18/2013"
0.1,"6/16/2018"
0.61,"6/20/2019"
NA,""
0.57,"11/16/2016"
NA,""
0.91,"12/17/2006"
0.16,"9/4/2008"
0.36,"12/11/2005"
NA,""
0.32,"12/10/2005"
0.48,"2/1/2007"
0,"11/9/2007"
0.4,"10/30/2009"
0.17,"2/15/2013"
NA,""
NA,""
NA,""
0.26,"9/14/2002"
0.63,"4/20/2003"
0.25,"5/15/1978"
0.66,"7/24/1997"
0.08,"11/2/1997"
0.44,"7/14/2000"
NA,""
NA,""
0.44,"1/23/2005"
0.21,"9/15/1980"
0.25,"2/15/2005"
0.06,"10/15/2004"
0.69,"9/15/1984"
0.64,"7/20/2000"
0.33,"7/19/2002"
0.33,"7/19/2002"
NA,""
NA,""
NA,""
0.5,"11/15/2005"
0.92,"3/15/1988"
0.94,"12/15/1971"
0.2,"1/5/2006"
0.96,"4/14/2018"
NA,""
0.12,"10/1/2000"
NA,""
NA,""
0.25,"12/17/1977"
0.82,"11/12/1971"
0.27,"11/14/2010"
0.86,"12/17/2014"
0.29,"7/1/1990"
0.19,"9/24/2009"
0.75,"8/16/1969"
0.38,"11/28/2009"
0.91,"6/1/1970"
0.21,"8/9/1997"
0.88,"8/24/1973"
0.69,"2/17/1979"
0,"10/20/1979"
NA,""
0.19,"7/7/1981"
0.4,"10/25/1985"
NA,""
0.65,"10/1/1996"
0.07,"6/27/2006"
0.54,"7/1/2007"
0.05,"6/25/2017"
0.45,"11/21/2018"
0.73,"2/10/2015"
0.6,"7/14/1976"
0.69,"6/15/1979"
0.35,"5/15/2008"
0.08,"11/8/2010"
NA,""
0.09,"5/9/2016"
NA,""
0.66,"2/27/2016"
0.62,"2/14/2017"
0.8,"10/21/2000"
0.87,"9/25/2008"
NA,""
0.63,"10/5/2020"
0.21,"2/16/2013"
0.75,"8/21/2011"
0.59,"8/1/2007"
0.86,"11/23/2008"
0.56,"11/1/1974"
0.94,"7/15/2004"
0.17,"5/15/1994"
0.17,"11/4/1960"
0.8,"6/15/1982"
0.25,"6/15/1986"
0.33,"6/15/1978"
NA,""
0.98,"11/24/2011"
0.92,"5/23/1998"
0.25,"10/1/1984"
0.15,"10/15/2007"
NA,""
0.89,"7/15/2012"
0.02,"5/10/2013"
0.92,"2/22/2009"
0.56,"11/8/2014"
0.56,"6/15/1965"
0.43,"12/1/1979"
0.04,"8/30/2000"
0.58,"6/15/1995"
NA,""
0.9,"7/3/2005"
0.39,"8/4/1998"
0.41,"10/7/2003"
0.92,"1/16/2007"
0.04,"9/28/2011"
0.62,"7/1/1980"
0.07,"10/20/1990"
0.81,"5/15/1993"
0.58,"11/25/1999"
0.29,"6/15/2005"
0.25,"7/14/2005"
0.81,"11/25/2005"
NA,""
0.65,"3/15/2009"
0.14,"3/30/2009"
0.88,"5/15/2004"
0.96,"10/15/2001"
0.06,"6/7/1978"
0.89,"9/19/1987"
0.82,"10/15/1979"
0.78,"11/12/1998"
0.39,"7/11/1992"
0.05,"7/26/2006"
NA,""
0.08,"11/5/2013"
0.25,"6/15/1986"
0.72,"1/31/2005"
0.94,"12/18/2006"
0.61,"6/15/1976"
0.94,"2/15/2007"
0.3,"4/30/1974"
0.07,"8/13/1999"
0.62,"5/9/2012"
0.4,"12/31/2006"
0.14,"12/3/2016"
0.33,"5/30/2012"
0.94,"7/15/2004"
0.84,"10/15/1998"
NA,""
NA,""
0.41,"4/21/2005"
0.91,"1/12/2010"
0.68,"6/16/2006"
0.86,"6/21/2006"
0.32,"7/5/2006"
0.35,"2/27/2007"
0.95,"8/27/2011"
0.75,"10/19/2011"
NA,""
0.35,"1/30/2015"
0.3,"7/4/1963"
0.14,"1/5/2014"
0.14,"9/1/1961"
0.36,"8/15/2005"
0.85,"7/17/2009"
0.25,"11/23/1982"
0.97,"6/1/2000"
0.19,"3/24/2007"
0.85,"6/15/1974"
0.5,"7/30/1977"
0.14,"6/11/1986"
0.23,"3/11/2011"
0.9,"9/8/2007"
0.89,"8/25/2011"
0.2,"8/29/2006"
NA,""
0.08,"10/13/2007"
0.46,"4/15/2022"
0.3,"9/12/1986"
0.38,"4/1/2004"
0.11,"9/25/2006"
0.03,"9/15/1985"
0.25,"12/15/2018"
0.25,"10/10/2005"
NA,""
0.66,"6/20/2011"
0.83,"8/15/2009"
0.75,"5/8/1999"
0.62,"10/7/2009"
0.58,"7/15/1984"
0.29,"9/1/1987"
NA,""
0.04,"1/2/1976"
0.04,"10/26/2003"
0.31,"10/22/2004"
0.8,"12/20/2019"
0.28,"10/11/1986"
0.28,"7/15/1957"
0.5,"10/8/1976"
0.17,"5/20/1999"
0.1,"6/16/1999"
0.3,"9/1/2006"
NA,""
0.46,"6/15/2000"
0,"7/2/2008"
0,"6/10/2002"
0.65,"11/3/1993"
0.25,"10/2/2003"
NA,""
0.2,"6/28/2009"
0.81,"12/17/2022"
0.5,"8/12/2003"
NA,""
0.83,"11/15/2006"
0.93,"11/13/1982"
0.8,"7/31/2013"
0.16,"12/12/1999"
NA,""
0.42,"1/14/1976"
0.91,"10/24/2000"
0.44,"11/22/2007"
0.86,"2/15/1985"
NA,""
0.04,"7/1/1973"
NA,""
NA,""
0.8,"10/28/1975"
0.04,"4/15/2010"
NA,""
NA,""
0.36,"2/15/2000"
0,"2/4/1981"
0.05,"7/4/1989"
NA,""
NA,""
0.56,"10/24/2010"
0.2,"11/15/2007"
0.46,"11/9/2011"
NA,""
0.18,"7/15/1983"
0.74,"6/30/2013"
0.46,"9/1/2001"
0.57,"8/1/1977"
0.07,"11/30/1970"
0.8,"2/4/2013"
0.25,"9/15/1991"
0.45,"8/15/1970"
0.71,"6/15/2017"
0.94,"9/12/2004"
0.53,"7/23/2013"
NA,""
0.16,"4/4/2014"
0.31,"8/15/2013"
0.9,"9/27/1970"
0.53,"11/15/1978"
NA,""
0.42,"6/14/2000"
0.79,"5/28/2008"
0.93,"11/7/2007"
0.09,"8/31/2011"
0.2,"9/21/2012"
0.66,"11/30/2015"
0.52,"10/7/2006"
0,"11/25/2000"
0.62,"9/1/1977"
0.36,"9/12/1978"
0.31,"4/2/2001"
0.41,"2/15/2011"
0.05,"8/1/1981"
0.05,"6/15/1963"
0.75,"6/17/2017"
0.25,"4/12/2008"
NA,""
0.83,"12/3/1988"
0.95,"9/14/1974"
0.8,"10/29/2021"
0.88,"10/1/1975"
NA,""
0.54,"8/19/1997"
NA,""
NA,""
NA,""
0.47,"11/4/2006"
0.25,"8/20/1988"
0.88,"8/9/2007"
0.04,"5/9/2005"
0.04,"7/15/2007"
0.25,"10/20/2015"
0.53,"9/3/2001"
NA,""
0.14,"11/8/2021"
NA,""
0.46,"9/1/2001"
0.53,"8/1/2004"
0.93,"6/6/2013"
0.06,"12/4/2013"
0.59,"7/19/2019"
NA,""
NA,""
0.12,"10/6/2005"
0.35,"5/15/2008"
0.12,"6/15/2010"
NA,""
NA,""
0.84,"7/1/2005"
0.42,"2/15/2011"
0.75,"10/9/2020"
NA,""
NA,""
0.05,"8/1/2000"
0.75,"10/15/2014"
0.3,"6/25/2015"
0.86,"6/15/1974"
NA,""
0.43,"5/30/1996"
NA,""
0.45,"8/7/2006"
0.39,"8/10/2011"
0.39,"7/13/2019"
0.67,"8/8/2020"
0.9,"11/1/2021"
0.47,"7/29/1967"
0.06,"6/19/2004"
NA,""
0.8,"10/1/1972"
NA,""
NA,""
0.61,"10/22/1994"
0.73,"10/10/2009"
0.47,"11/15/1986"
NA,""
0.5,"5/18/2000"
0.75,"1/12/2015"
0.39,"10/19/2010"
0.65,"10/23/2013"
0.94,"10/1/2005"
0.04,"11/12/2015"
NA,""
NA,""
0.33,"11/12/2013"
0.96,"10/11/2015"
0.11,"4/7/2000"
0.37,"12/22/2004"
0,"1/23/2012"
0.43,"5/12/2014"
0.96,"2/14/2018"
0.83,"1/22/2017"
0.83,"8/15/1968"
0.71,"12/31/1977"
0.12,"7/28/2006"
0.43,"10/31/1990"
0.62,"10/7/2009"
0.79,"9/11/1982"
0.92,"9/4/1983"
0.75,"6/21/2003"
0.97,"10/15/2020"
0.7,"6/13/2009"
0.47,"11/1/2009"
0.47,"10/18/1969"
0.5,"3/15/1976"
0.67,"10/28/1980"
0.98,"8/15/1985"
0.54,"10/31/1993"
NA,""
0.2,"12/31/2000"
0.42,"2/10/2006"
0.6,"8/19/2008"
0.98,"11/2/2013"
0.03,"10/24/2014"
0.54,"12/26/2015"
NA,""
0.44,"8/5/2017"
0.08,"9/22/2017"
0.57,"10/7/2017"
0.75,"2/15/2020"
0.04,"10/26/2003"
0.25,"9/28/1998"
0.1,"1/9/2000"
0.1,"9/1/1969"
0.26,"6/8/1973"
0.94,"11/29/1986"
0.76,"10/2/1999"
0.37,"9/22/2007"
0.23,"11/16/2007"
0.41,"1/2/2015"
0.12,"12/6/1975"
0.55,"10/27/2007"
0.75,"5/5/2010"
0.53,"8/14/2011"
0.15,"10/15/2007"
0.53,"11/27/2004"
0.59,"11/18/2005"
0.08,"5/29/2006"
NA,""
0.83,"9/18/1976"
0.92,"8/1/1978"
0.79,"12/15/1995"
0,"10/12/1996"
0.5,"6/15/2011"
0.53,"6/16/2011"
0.75,"6/23/2011"
0.91,"6/28/2011"
0.55,"7/16/2011"
0.65,"10/4/2012"
0.87,"9/16/2017"
0.4,"11/18/2010"
NA,""
0.31,"12/30/2014"
0.33,"11/16/1991"
0.45,"6/29/1996"
0.62,"1/27/2016"
0.62,"1/27/2016"
0.12,"10/6/2005"
0.53,"2/26/2013"
0.09,"10/3/2016"
0.84,"10/29/2013"
0.33,"11/12/2013"
0.35,"11/21/2015"
0.12,"10/2/1965"
0,"10/9/1999"
0.45,"9/13/2008"
0.91,"9/11/2004"
NA,""
0.45,"8/16/2016"
0.25,"9/15/1972"
0.35,"10/22/1977"
0.82,"12/19/2011"
0.9,"1/24/2017"
0.5,"6/14/2003"
0.58,"10/30/2004"
0.03,"11/8/1980"
0.45,"10/5/2006"
NA,""
0.8,"5/1/1978"
NA,""
0.25,"11/20/1993"
0.86,"7/4/1994"
0.35,"11/8/2008"
NA,""
NA,""
NA,""
0.5,"5/14/2014"
0.5,"5/14/2014"
0.2,"12/27/2014"
0.08,"1/22/2015"
0.77,"1/20/2017"
0.89,"9/4/1972"
0.19,"6/6/1973"
0.48,"9/26/1977"
NA,""
0.67,"10/21/1978"
0.6,"12/24/1980"
0.71,"7/8/2004"
0.4,"6/8/2006"
NA,""
0.47,"4/8/2009"
0.07,"12/18/2009"
NA,""
NA,""
0.77,"1/20/2017"
0.93,"1/25/2017"
0.93,"8/19/2017"
0.5,"10/14/1989"
0.97,"11/26/2008"
NA,""
0,"5/3/2011"
0.75,"7/15/2009"
0.75,"8/9/2012"
0.38,"3/23/2013"
0.83,"1/22/2017"
0.88,"1/9/2021"
0.59,"9/14/1992"
NA,""
NA,""
0.04,"1/11/1986"
0.62,"11/19/2005"
0.91,"7/22/2006"
0.1,"8/26/2006"
0.5,"2/28/2010"
0.28,"5/13/2008"
0.29,"6/9/1973"
0.38,"5/13/1973"
0.53,"10/15/1989"
0.35,"10/11/1997"
0.09,"5/6/2000"
0.36,"9/6/2003"
0.19,"9/15/1999"
NA,""
0.92,"8/16/2001"
0.64,"11/15/2000"
0.79,"5/16/2001"
NA,""
0.42,"4/15/2011"
0.11,"6/13/2021"
0.5,"11/26/2004"
0.94,"5/3/2008"
0.43,"5/12/2014"
0.25,"10/11/1975"
0.82,"4/2/1978"
0.45,"4/21/1978"
0.25,"11/15/1980"
0.03,"3/5/2011"
0.45,"3/6/2012"
0.64,"3/1/2013"
0.5,"5/14/2014"
0.7,"11/2/2015"
0.86,"10/12/2020"
0.82,"10/2/2010"
0.04,"7/21/2020"
0.62,"5/23/2008"
0.82,"11/17/1984"
0.02,"2/3/2011"
0.05,"7/2/2011"
0.86,"6/21/2006"
0.39,"1/5/2012"
0.38,"9/5/2014"
0.46,"7/23/1983"
0.64,"7/6/1985"
0.69,"1/1/1986"
0.52,"7/11/1987"
0.75,"2/24/2011"
0.61,"7/18/2011"
0.79,"10/20/2011"
NA,""
0.86,"11/9/2012"
0.57,"10/10/2014"
0.93,"8/12/2015"
NA,""
0.47,"6/9/1979"
0.34,"3/15/2000"
NA,""
0.34,"11/7/1964"
0.6,"1/6/2007"
0.55,"10/27/2007"
0.16,"1/16/2013"
0,"5/5/2008"
0.08,"11/14/2004"
0.75,"11/27/2021"
0.25,"10/11/1975"
0.98,"9/28/2008"
NA,""
NA,""
0.98,"8/15/1967"
0.98,"9/28/1968"
0.16,"8/14/2010"
0.88,"11/2/2010"
0.34,"11/16/2010"
0.34,"9/7/2011"
0.3,"5/29/2012"
0.25,"12/20/2012"
0.43,"5/12/2014"
0.5,"5/14/2014"
0.47,"7/11/2014"
0.97,"1/19/2015"
0.2,"3/14/2016"
0.83,"1/22/2017"
0.64,"3/20/2014"
0.43,"5/12/2014"
0.17,"6/27/2009"
0,"1/4/2011"
0.41,"12/15/1975"
0.2,"9/26/1998"
0.83,"8/17/1979"
0.52,"8/6/2009"
0.79,"5/14/2012"
0.73,"11/24/2013"
0.73,"7/12/1969"
0.73,"8/9/1969"
0.92,"4/12/1980"
0.7,"1/12/1985"
0.67,"7/3/1999"
0.31,"7/15/2005"
0,"12/27/2008"
0.89,"9/15/2009"
0.67,"1/5/2010"
0.32,"10/17/2010"
0.85,"6/2/2005"
0.12,"6/10/2005"
0.06,"6/24/2009"
0.08,"5/4/1968"
0.82,"10/16/2006"
0.75,"10/29/1972"
NA,""
NA,""
0.8,"8/16/1937"
NA,""
NA,""
0.96,"7/10/2010"
NA,""
NA,""
NA,""
NA,""
0.44,"1/23/2005"
0.82,"10/20/1992"
0.69,"9/20/2008"
NA,""
0.23,"7/2/2006"
0.94,"8/1/1997"
0.96,"6/12/1999"
0.11,"5/30/2006"
0.72,"6/12/2020"
0.47,"6/22/2013"
0.45,"10/10/2011"
0.1,"8/2/2011"
0.44,"12/8/2011"
0.64,"5/15/1998"
0.24,"8/1/2006"
0.41,"1/22/2005"
NA,""
0,"10/1/1997"
NA,""
NA,""
0.3,"7/1/2009"
0.5,"8/26/2018"
NA,""
NA,""
0.55,"10/11/2003"
0.98,"5/11/2002"
NA,""
NA,""
NA,""
0.38,"1/21/2005"
NA,""
0.41,"11/1/1979"
NA,""
0.73,"11/30/1988"
NA,""
0.31,"10/1/2006"
NA,""
0.14,"10/22/2009"
0.3,"7/9/2011"
NA,""
NA,""
0.44,"6/15/1981"
0.54,"1/26/2005"
0.13,"12/1/2008"
0.05,"11/1/1997"
0.88,"10/1/1975"
NA,""
0.34,"7/10/1973"
0.25,"7/15/1975"
NA,""
NA,""
NA,""
0.96,"6/15/1977"
0.39,"8/1/1982"
0.82,"6/12/2004"
NA,""
NA,""
NA,""
NA,""
NA,""
0.71,"4/17/2017"
NA,""
0.36,"7/6/2006"
NA,""
0.35,"5/1/2012"
0.79,"8/8/2015"
0.57,"5/9/2020"
0.15,"8/1/1984"
0.93,"10/5/2010"
NA,""
0.37,"9/8/1973"
0.83,"7/15/2001"
NA,""
0.72,"7/1/2002"
0.72,"11/15/2003"
0.11,"7/8/1978"
0.4,"11/15/1975"
0.75,"11/14/2014"
0.8,"1/18/2001"
0.7,"4/15/2009"
0.36,"6/29/2012"
0.09,"5/5/2011"
0.63,"8/15/1984"
0.88,"10/1/1975"
0.66,"8/10/2009"
0.5,"11/25/1977"
0.32,"8/31/2017"
0.04,"11/4/1994"
0.96,"3/29/2014"
0.84,"10/15/1998"
NA,""
0.5,"7/15/2011"
0.5,"5/5/2012"
0.18,"7/10/1978"
0.96,"5/24/1998"
0.94,"4/1/2011"
0.58,"4/26/2005"
0.58,"1/27/2005"
0.94,"1/8/2005"
0.52,"2/23/1978"
0.55,"10/14/2000"
0.25,"7/15/2013"
0.59,"2/26/2005"
0.59,"1/1/1960"
0.25,"7/20/1980"
0.55,"1/26/2005"
0.85,"11/9/1974"
0.62,"6/16/1995"
0.44,"5/1/1996"
0.16,"11/15/1996"
0.11,"10/15/1996"
0.47,"8/17/1978"
0.09,"8/15/2007"
0.84,"11/20/2011"
0.84,"8/12/2012"
0.93,"3/20/2012"
0.31,"7/15/2005"
0.19,"8/15/2010"
0.15,"6/28/2017"
0.95,"8/17/2001"
0.47,"6/5/1982"
0,"10/15/2012"
0.37,"10/4/2014"
0.86,"4/15/2004"
NA,""
0.2,"5/17/2021"
0.36,"6/14/2008"
0.53,"10/15/2008"
0.4,"8/15/1978"
0.4,"1/15/1967"
0.52,"7/1/1977"
0.53,"11/15/1978"
NA,""
0.14,"9/15/2007"
0.56,"7/12/2006"
0.63,"2/20/2003"
0.95,"10/7/1980"
0.63,"7/1/1950"
0.69,"4/15/1990"
0.76,"9/30/1972"
0.09,"8/1/1973"
0.8,"10/1/1972"
0.37,"8/31/2009"
0.66,"7/1/1991"
NA,""
0.7,"6/18/2014"
NA,""
0.28,"9/15/1983"
0.42,"7/1/1993"
0.95,"9/22/2014"
0.93,"11/5/1980"
0.63,"8/8/1982"
0.08,"9/26/2014"
0.55,"7/12/2006"
0.82,"7/1/1986"
0.05,"12/25/1992"
0.25,"4/18/1994"
0.37,"10/15/1994"
0.22,"4/15/2005"
NA,""
0.04,"4/20/2004"
0.78,"10/22/2008"
0.4,"12/22/2015"
0.84,"12/8/2012"
0.89,"2/5/2005"
0.18,"9/1/2003"
0.84,"10/13/2009"
0.75,"8/1/1983"
0.03,"4/15/1991"
0.06,"1/29/2017"
0.19,"9/15/1999"
NA,""
0.33,"8/1/1971"
0.08,"12/22/2006"
0.9,"10/15/1990"
0.95,"9/30/1978"
0.93,"2/2/1981"
0.66,"9/9/1990"
0.08,"8/9/1975"
0.75,"2/2/2005"
0,"11/15/1982"
0.09,"11/16/2012"
0.46,"4/5/2012"
0.87,"1/16/1996"
0.33,"1/4/2001"
0.5,"9/30/1993"
0.65,"12/9/2006"
0.53,"10/15/2008"
0.96,"1/10/2013"
NA,""
0.5,"8/15/2000"
0.5,"8/15/2000"
NA,""
0.07,"4/21/2004"
0.47,"7/20/2005"
0.18,"8/1/1995"
0.14,"7/3/2003"
0.64,"8/16/2003"
0.03,"2/9/2005"
0.97,"4/13/2010"
0.35,"1/4/2012"
NA,""
0.3,"10/21/2015"
0.37,"10/20/2018"
0.38,"3/26/2010"
NA,""
0.09,"10/11/1980"
0.31,"10/18/2018"
0.48,"5/1/2007"
0,"10/1/1997"
0.2,"8/1/1976"
0.2,"10/1/1953"
0.05,"1/15/1983"
0.98,"1/14/2010"
0.37,"1/14/1984"
0.77,"8/15/1998"
0.77,"12/31/1958"
0.86,"2/4/2005"
0.93,"1/20/1993"
0.97,"1/9/2005"
0.1,"4/15/2002"
0.64,"6/1/1991"
0.67,"11/15/2011"
NA,""
0.95,"10/15/1982"
0.25,"7/15/1994"
NA,""
0.61,"9/15/2011"
0.6,"9/1/2015"
NA,""
0.71,"7/15/1979"
0.15,"11/15/1977"
NA,""
NA,""
0.75,"5/11/2015"
0.62,"11/12/2003"
0.41,"3/5/1993"
0.86,"1/4/1997"
0.03,"4/5/2000"
0.24,"10/14/1972"
0.32,"5/15/1970"
NA,""
0.09,"6/15/1980"
0.14,"1/28/2001"
0.47,"6/5/1982"
NA,""
NA,""
NA,""
0.87,"12/6/1996"
0.06,"2/15/2010"
0.8,"1/21/2017"
0.75,"11/18/2000"
0.73,"12/22/2005"
0.98,"7/15/1977"
0.35,"7/15/1978"
0.22,"10/15/1980"
0.97,"6/1/1981"
0.47,"7/1/1985"
0.75,"8/22/2000"
0.09,"7/15/2018"
0.75,"7/5/1980"
NA,""
0.82,"11/15/1987"
0.82,"10/14/1925"
NA,""
0.25,"11/15/1980"
0.19,"4/2/1998"
0.06,"4/20/2015"
NA,""
0.75,"5/17/2009"
0.17,"12/15/1977"
NA,""
NA,""
0.3,"8/15/1994"
NA,""
NA,""
0.47,"3/15/2014"
0.33,"5/15/1989"
NA,""
NA,""
NA,""
0.75,"9/5/2015"
0.94,"9/11/2015"
NA,""
0.83,"11/6/2015"
0.69,"2/28/2016"
0.79,"4/30/2016"
0.83,"7/6/2010"
NA,""
0.12,"10/1/2000"
0.53,"8/14/2011"
0.27,"8/26/2020"
0.63,"7/13/1979"
0,"11/25/2000"
0.03,"11/17/2009"
0.57,"6/25/2013"
0.68,"4/9/2015"
0.87,"10/23/2000"
0.29,"11/2/2022"
NA,""
NA,""
0.98,"4/15/1999"
NA,""
NA,""
NA,""
NA,""
0.71,"1/30/2016"
0.58,"11/15/1970"
NA,""
NA,""
NA,""
NA,""
NA,""
NA,""
NA,""
0.91,"11/12/2020"
NA,""
0.75,"7/26/2016"
0.32,"9/26/2020"
0.14,"8/1/2022"
0.1,"10/19/2020"
NA,""
0.21,"8/15/1972"
NA,""
NA,""
NA,""
NA,""
0.38,"9/14/2005"
0.87,"5/1/2008"
0.19,"8/15/2010"
NA,""
0.4,"5/14/2011"
NA,""
NA,""
NA,""
0,"9/15/1993"
NA,""
NA,""
NA,""
0.38,"7/30/1974"
NA,""
0.38,"4/1/1962"
0.71,"8/15/1987"
0.71,"11/15/1968"
0.71,"5/17/1967"
0.28,"7/16/1994"
0.33,"11/5/2011"
0.1,"11/1/1989"
0.37,"7/20/2002"
0.61,"6/15/1976"
0.7,"7/15/1979"
NA,""
0.92,"9/1/1986"
0.06,"6/12/2002"
0.19,"8/15/2010"
0.87,"6/15/2012"
0.29,"10/28/2017"
0.75,"6/15/2009"
0.52,"7/26/2010"
0.76,"3/15/2012"
0.75,"8/15/2006"
0.46,"6/15/2000"
0.5,"7/15/2011"
NA,""
0.83,"7/15/2001"
0.79,"11/17/2003"
0.59,"5/15/2006"
0.78,"10/22/2008"
0.17,"9/6/2016"
0.34,"5/4/2009"
NA,""
NA,""
0,"10/1/1997"
NA,""
0.45,"7/9/2006"
0.43,"10/12/2008"
0.69,"11/18/2008"
0.06,"10/9/2010"
0.03,"3/12/2013"
0.09,"11/7/2002"
0.56,"7/15/2003"
0.06,"8/12/1980"
0.95,"4/14/1999"
0.82,"7/16/2009"
0.63,"11/14/2011"
0.84,"2/5/2013"
NA,""
0.43,"8/1/2020"
0.38,"1/1/1977"
NA,""
0.6,"6/7/1993"
0.3,"9/15/2002"
0.52,"7/11/2006"
0.52,"6/1/2007"
0.19,"8/15/2010"
NA,""
NA,""
0.98,"2/15/1999"
0.19,"6/19/1999"
0.75,"2/15/2001"
0.61,"8/7/2001"
0.22,"3/27/2004"
0.55,"8/31/2004"
0.48,"7/14/2011"
NA,""
NA,""
NA,""
NA,""
0.93,"9/15/1982"
NA,""
0.93,"11/15/1962"
0.22,"6/1/1979"
0.38,"2/25/1972"
NA,""
0.92,"5/15/1977"
0.91,"9/2/2013"
0.89,"7/15/2012"
0,"11/15/2001"
0.36,"10/1/1979"
0.7,"5/23/2011"
0.95,"6/29/2011"
NA,""
NA,""
NA,""
0.24,"10/6/2008"
0.43,"11/15/2013"
NA,""
0.35,"7/15/1978"
0.31,"11/16/1980"
0.11,"6/1/1995"
NA,""
0.87,"7/1/1978"
0.82,"7/1/1986"
0.31,"7/15/2005"
0.73,"5/10/2015"
0.75,"2/23/2022"
NA,""
0.25,"10/1/1984"
0.75,"11/15/1995"
0.96,"11/15/2009"
NA,""
0.46,"4/5/2012"
NA,""
0.41,"10/1/1990"
0.71,"8/1/1991"
0.97,"7/14/1996"
0.36,"11/15/2002"
0.03,"1/22/2004"
0.02,"1/19/2007"
NA,""
0,"11/20/2006"
NA,""
0.79,"5/14/2012"
NA,""
0.19,"7/13/2013"
0.57,"1/30/2021"
0.32,"11/15/1972"
0.08,"9/15/1977"
0.54,"11/15/1997"
NA,""
NA,""
0.89,"9/15/2009"
0.75,"3/15/1974"
NA,""
NA,""
0.75,"10/31/1960"
NA,""
0.25,"8/15/1983"
0.25,"7/15/1965"
0,"5/1/2003"
NA,""
0.14,"6/25/1982"
0.89,"7/15/2012"
0.65,"10/1/1996"
NA,""
0.46,"10/1/1982"
0.96,"5/1/1973"
NA,""
0.62,"2/21/2011"
0.47,"7/15/2000"
NA,""
0.3,"7/15/1986"
0.41,"10/13/1997"
0.86,"7/16/2001"
0.67,"10/22/2005"
NA,""
NA,""
0.8,"4/23/2014"
0.91,"11/26/2016"
0.54,"5/30/2018"
0.54,"7/1/1965"
NA,""
0.5,"1/9/2012"
0.87,"4/6/2013"
0.41,"8/15/2016"
0.32,"2/11/1984"
NA,""
0.2,"12/3/2008"
NA,""
0.44,"12/26/2012"
0.43,"4/11/2006"
NA,""
0.38,"9/5/2014"
NA,""
NA,""
0.04,"4/11/2013"
0.5,"11/14/2016"
0.5,"10/5/2017"
0.25,"11/17/1996"
0.07,"10/20/1990"
NA,""
NA,""
0.11,"9/1/2000"
0.81,"11/19/2011"
NA,""
0.5,"5/26/2002"
NA,""
0.4,"6/15/2008"
0.02,"9/16/1974"
0.07,"12/15/1974"
0.25,"10/1/1984"
NA,""
0.03,"9/1/1970"
0.72,"11/15/2003"
0.48,"6/27/1980"
0.18,"6/20/2007"
0.18,"7/1/1944"
0.45,"11/7/2003"
0.58,"8/15/1992"
0.55,"4/22/1989"
0,"3/17/2018"
0.31,"10/1/2006"
0.57,"5/19/2011"
0.79,"7/31/2013"
0.48,"6/27/2018"
0,"6/14/2007"
NA,""
0.26,"11/3/2011"
NA,""
0.75,"7/15/1971"
NA,""
0.86,"5/15/1985"
0.59,"8/10/1998"
NA,""
0.72,"8/1/2010"
0.52,"2/7/1993"
0.7,"6/10/2012"
0.92,"10/18/1979"
0.92,"7/1/1969"
NA,""
0.56,"10/16/2008"
0.85,"7/17/2009"
0.89,"1/8/2013"
NA,""
NA,""
0.14,"11/4/1978"
NA,""
NA,""
NA,""
0.6,"6/21/2008"
0.88,"10/1/1975"
0.25,"5/19/2002"
0.97,"9/1/1978"
0.75,"3/11/2007"
NA,""
NA,""
0.69,"9/3/1977"
NA,""
NA,""
0.42,"10/7/2022"
0.34,"6/6/2006"
0.33,"8/11/2008"
0.43,"8/11/2011"
0.42,"8/18/2013"
0.19,"10/8/2005"
NA,""
0.09,"11/1/1970"
NA,""
NA,""
0.19,"9/15/1999"
0.82,"6/20/2006"
0.65,"7/11/2009"
0.87,"8/16/2009"
0.71,"3/3/2013"
0.54,"6/3/2015"
NA,""
NA,""
0.45,"6/1/2004"
0.21,"2/23/2007"
0.84,"6/10/2007"
0.98,"4/9/2013"
NA,""
NA,""
NA,""
0.29,"5/17/1986"
NA,""
NA,""
NA,""
NA,""
0,"7/17/2004"
0.67,"11/10/2006"
0,"10/18/2009"
0.79,"8/22/2011"
NA,""
0.6,"9/3/2012"
NA,""
0.68,"6/28/2013"
0,"10/23/2014"
0.16,"7/17/2018"
0.79,"7/25/2019"
0.81,"11/9/2020"
NA,""
0.57,"2/21/2000"
0.3,"11/18/2007"
0.3,"10/15/1956"
0.91,"11/22/2011"
0.86,"3/15/1977"
0.58,"8/23/1994"
0.25,"7/15/1975"
0.14,"1/14/1986"
0.37,"4/10/1976"
0.92,"10/20/1976"
0,"10/15/2012"
0.03,"8/15/1977"
0.2,"8/1/1976"
0.75,"6/18/2006"
0.75,"7/16/1969"
0.64,"10/25/1983"
0.97,"4/25/1998"
0.28,"11/11/1994"
0.86,"5/16/2012"
0.82,"7/15/1982"
0.58,"4/13/2017"
0.44,"10/15/2005"
0.94,"5/31/2000"
0.05,"8/1/1981"
NA,""
0.32,"11/21/2004"
NA,""
0.6,"3/17/2006"
0.45,"3/9/2009"
NA,""
0.38,"10/15/2013"
0.9,"2/12/2018"
0.03,"10/19/1990"
0.03,"2/22/2012"
0.09,"9/18/2012"
0.2,"9/21/2012"
0.32,"10/24/2012"
0.68,"11/18/1989"
0.42,"5/25/2010"
0.81,"4/1/2016"
NA,""
0.62,"11/23/1983"
NA,""
NA,""
0.92,"2/6/2005"
0.96,"12/4/2010"
0.54,"12/18/2013"
NA,""
0.61,"7/15/2014"
0.65,"7/16/2014"
NA,""
0.75,"5/15/1982"
0.6,"4/21/2000"
NA,""
0.7,"1/9/2007"
0.7,"8/15/1960"
0.79,"12/5/2004"
0.37,"6/22/2010"
0.29,"11/20/2004"
0.26,"9/1/1976"
0.96,"8/1/2016"
0.79,"12/5/2004"
0.19,"4/24/2015"
0.25,"9/25/2009"
0.14,"9/12/2010"
0.5,"8/18/2016"
0.26,"6/1/1971"
0.2,"11/15/2007"
0.2,"10/15/1961"
0.16,"7/15/1972"
0.04,"4/4/1973"
0.55,"3/31/1991"
NA,""
0,"7/20/2001"
0.33,"2/15/1989"
0.63,"9/4/2012"
0.25,"7/15/2013"
0.25,"10/1/2014"
0.5,"7/8/2017"
0.06,"11/15/2012"
NA,""
0.96,"10/11/2015"
NA,""
0.34,"6/15/1997"
NA,""
0.77,"5/31/1986"
0.04,"6/11/2021"
0.62,"9/1/1977"
0.43,"7/11/2003"
0.25,"1/14/1989"
0.38,"10/19/1991"
0.38,"7/30/1967"
0.05,"11/20/1998"
0.25,"8/1/1979"
0.55,"6/1/1988"
0.55,"6/30/1954"
0.11,"10/9/2002"
0.63,"10/27/1980"
0,"11/15/1982"
0.32,"8/14/1986"
0.25,"11/19/2004"
0.7,"8/25/2005"
NA,""
0.07,"3/8/2019"
0.33,"4/11/2003"
0.03,"8/9/2002"
0.79,"12/5/2004"
0.19,"9/24/2009"
NA,""
0.08,"2/12/2013"
0.89,"3/8/2013"
0.32,"5/19/2013"
0.97,"6/7/2013"
0.14,"3/5/2014"
0.96,"5/5/2016"
0.66,"8/8/2020"
NA,""
0.5,"1/22/2008"
0,"4/15/1999"
0.25,"11/24/2009"
NA,""
0.89,"2/15/2015"
NA,""
0.57,"4/27/2013"
0.3,"11/15/1991"
0.5,"7/19/1997"
0.44,"11/12/1997"
0,"11/17/1971"
NA,""
0.47,"12/13/1978"
0.03,"8/15/1977"
0.43,"6/13/1973"
0.47,"7/11/2014"
0.96,"5/19/2012"
0.32,"11/21/2004"
0.59,"11/18/2005"
0.1,"5/15/1983"
NA,""
0.04,"7/1/1973"
0.56,"6/30/1999"
NA,""
0.92,"5/1/2000"
NA,""
0.83,"12/6/2004"
0.05,"7/4/2008"
0.87,"7/13/2004"
0.44,"1/20/2008"
0.94,"4/27/2014"
0.75,"5/14/2020"
0.75,"6/8/1996"
0.83,"12/6/2004"
0.25,"6/15/1986"
0.3,"10/15/1983"
0.2,"12/14/1988"
0.46,"10/13/1989"
0.11,"7/23/2020"
0.94,"4/15/2007"
0.44,"1/29/2018"
0.35,"10/15/1975"
NA,""
0.41,"8/15/1997"
0.79,"12/5/2004"
0.91,"10/15/2009"
0.65,"6/1/2010"
0.22,"7/5/2022"
0.22,"4/15/2005"
0.1,"7/17/2007"
0.38,"10/12/1997"
0.52,"10/16/1997"
NA,""
0.09,"8/6/1978"
0.25,"8/14/1975"
0.7,"9/8/2001"
0.66,"10/10/1979"
0.75,"7/1/1975"
0.11,"1/13/2005"
0.32,"11/28/1979"
0.61,"10/10/1987"
0.68,"1/30/2005"
0.68,"1/1/1950"
0.9,"1/1/1973"
0.61,"10/10/1987"
0.93,"6/15/2004"
0.46,"10/21/2010"
0.41,"4/30/1977"
0.5,"8/15/1981"
0.16,"1/7/2022"
0.25,"12/15/1988"
0.78,"3/14/2004"
0.44,"12/31/1979"
0.12,"10/11/1991"
0.14,"1/8/2011"
0.5,"5/20/1989"
0.95,"7/14/1977"
0.56,"5/29/2010"
0.68,"10/21/1978"
0.98,"7/4/1978"
0.07,"8/16/1977"
0.11,"3/9/2019"
0.86,"9/30/1994"
0.5,"10/2/1982"
0.47,"6/3/1993"
0.5,"7/3/1993"
0.53,"11/26/2015"
0.81,"5/30/2016"
0.64,"6/18/2003"
0.5,"10/22/2010"
0.81,"12/20/1981"
0.31,"6/30/1982"
0.77,"11/10/1990"
0.14,"7/12/1994"
0.89,"1/18/2004"
NA,""
NA,""
0.64,"12/2/2012"
0.75,"4/15/2020"
0.34,"7/13/1989"
0.11,"7/20/2004"
0.44,"1/23/2005"
0.7,"9/13/2006"
NA,""
NA,""
0.06,"7/20/2012"
0.21,"6/19/2018"
0.12,"8/22/2001"
0.59,"9/20/2005"
0.11,"10/27/1984"
0.44,"12/1/2017"
0.09,"8/15/2007"
0.17,"3/20/2010"
0.66,"3/14/1982"
0.39,"6/30/2012"
0.37,"11/24/2012"
0.89,"1/15/2007"
0.18,"6/24/2012"
0.4,"10/1/1971"
0.35,"11/15/1983"
0.44,"9/10/2011"
0.12,"7/12/1975"
0.97,"1/16/1999"
0.75,"5/10/2007"
0.92,"11/30/1994"
0.8,"11/15/1976"
0.98,"3/15/1991"
0.02,"10/13/2015"
0.25,"1/5/1998"
NA,""
0.22,"1/31/2020"
0.7,"8/24/1978"
0.72,"11/18/2019"
0.71,"12/12/1976"
0.03,"9/16/2012"
0.33,"6/12/2019"
0.64,"10/18/2008"
0,"8/17/2012"
0.25,"10/4/2011"
0.54,"11/15/1997"
0.12,"3/31/1998"
0.46,"10/1/1982"
0.77,"5/12/2004"
0.72,"10/1/1965"
0.81,"7/18/1979"
0.37,"9/9/2000"
NA,""
0.16,"10/1/1973"
0.15,"7/14/2002"
0.87,"7/2/2005"
NA,""
NA,""
0.11,"12/7/2002"
NA,""
0.42,"6/29/2015"
0.97,"7/5/2005"
0.98,"1/22/2012"
0.38,"9/30/2009"
0.26,"6/30/1990"
0.82,"6/12/2004"
0.96,"12/4/2010"
0.93,"10/24/2011"
0.5,"4/15/2014"
0.56,"11/8/2014"
0.38,"9/24/2015"
0.44,"10/25/2015"
0.92,"6/18/2020"
NA,""
0.87,"10/2/1983"
0.65,"7/15/1987"
0.12,"7/16/1999"
0.06,"2/10/2005"
NA,""
0.09,"7/1/2022"
NA,""
NA,""
0.69,"10/14/1995"
0.09,"4/15/1983"
0.04,"12/2/2005"
0.04,"10/16/1968"
NA,""
0.03,"8/15/1977"
0.88,"11/15/1998"
0.25,"8/9/1989"
0.12,"5/21/1977"
0.61,"9/9/1998"
0.44,"9/16/1986"
0.45,"11/11/1989"
0.11,"11/9/2010"
0.75,"3/22/1987"
0.62,"7/21/2008"
0.56,"6/17/2011"
0.36,"11/17/1991"
0.34,"6/15/2016"
0.13,"10/20/2001"
0.61,"6/26/2013"
0.42,"11/18/1972"
0.79,"8/17/2006"
0.74,"4/9/2007"
0.54,"5/3/2007"
0.81,"11/19/2011"
0.46,"7/15/2019"
0.64,"5/30/2021"
0.79,"12/19/2000"
0.95,"7/20/2009"
0.14,"6/12/2013"
0.5,"10/18/2013"
0.69,"7/1/1947"
0.31,"10/21/1977"
0.22,"1/1/1982"
0.1,"11/15/1985"
0.56,"2/18/2003"
0.98,"2/15/1999"
NA,""
NA,""
0.98,"10/1/1959"
0.5,"8/15/1981"
0.75,"12/1/2007"
NA,""
NA,""
0.03,"6/18/2004"
0.53,"5/15/1995"
0.7,"5/13/2001"
0.63,"2/9/2004"
0.61,"4/23/2008"
0.64,"8/20/2008"
0.5,"5/15/2022"
NA,""
0.8,"7/26/2008"
NA,""
NA,""
0,"7/6/2005"
0.55,"1/15/2006"
0.84,"9/24/2008"
NA,""
0.08,"6/29/2014"
0.45,"10/14/2016"
0.56,"10/15/2019"
NA,""
NA,""
0.25,"8/16/2010"
0,"11/13/2012"
0.68,"10/15/2003"
0.76,"8/8/2004"
0.12,"11/22/1998"
0.52,"1/2/1999"
0.87,"3/13/1999"
0.21,"5/21/1999"
0.92,"8/26/2011"
NA,""
0.16,"11/18/2012"
0.35,"1/22/2013"
0.87,"7/15/1974"
0,"7/19/1974"
0.5,"6/14/2003"
0.57,"6/15/1984"
0.83,"2/15/2004"
0.08,"7/27/2006"
NA,""
0.31,"3/5/2009"
0.62,"12/24/2010"
0.57,"12/12/2011"
NA,""
0.5,"9/1/1974"
0.75,"1/1/1978"
0.11,"7/15/1980"
0.57,"9/1/1985"
0.06,"5/1/1995"
0.95,"10/12/2004"
0.38,"12/1/2006"
NA,""
NA,""
0.11,"4/13/2013"
0.64,"4/29/2013"
0.22,"5/16/2013"
NA,""
0.33,"8/2/2017"
0.75,"7/15/1971"
0.37,"10/10/2008"
0.75,"5/17/2009"
0.85,"6/7/2010"
NA,""
NA,""
NA,""
0.5,"6/16/2000"
0.12,"7/20/2004"
0.64,"12/12/2003"
0.78,"8/6/2007"
0.92,"1/6/1997"
0.06,"7/15/1988"
0.08,"7/15/1999"
0,"3/30/2014"
0.5,"11/23/1999"
0.57,"9/30/2004"
0.67,"5/9/2004"
0.56,"9/15/1981"
0.44,"8/26/2007"
0.89,"2/5/2005"
0.14,"7/18/2007"
0.47,"7/15/2000"
0.17,"4/22/2007"
0.03,"7/27/2014"
0.97,"6/28/2003"
0.11,"8/30/2003"
0.76,"3/15/2012"
0.2,"12/27/2014"
0.7,"5/15/1990"
0.88,"9/15/1990"
0.9,"3/12/2010"
0.31,"2/15/2008"
0.79,"4/16/2020"
0.84,"2/15/2004"
NA,""
NA,""
NA,""
NA,""
0.75,"7/15/2009"
NA,""
0.25,"11/15/1980"
0.97,"6/1/2000"
NA,""
0.58,"2/4/2007"
0.58,"8/15/1992"
0.35,"11/15/1983"
0.1,"5/19/2007"
0.68,"4/13/2001"
0.32,"5/28/2004"
0.64,"5/30/2002"
0.33,"4/15/2008"
0.02,"5/21/2012"
0.81,"9/15/1979"
0.61,"12/1/2012"
0.78,"9/17/2014"
0.36,"7/6/2006"
0.6,"11/1/2012"
0.52,"1/27/2013"
NA,""
0.34,"12/31/2014"
0.62,"8/24/2013"
0.93,"10/2/2013"
0.09,"11/26/2003"
0.41,"1/30/2007"
0.25,"4/15/1978"
0.1,"8/20/1993"
0.96,"10/15/2001"
0,"9/22/2006"
0,"2/24/2009"
0.41,"10/10/2000"
0.03,"11/28/2008"
0.94,"8/15/2012"
0.16,"3/16/2013"
0.65,"9/1/2007"
0.27,"10/14/1983"
0.4,"1/19/2008"
0.39,"1/23/2013"
0.3,"10/10/1978"
0.25,"11/15/1999"
0.56,"1/28/2013"
0.35,"9/15/1994"
0.4,"1/19/2008"
0.84,"12/5/1996"
0.66,"6/17/2014"
0.63,"8/25/1975"
0.04,"9/12/2007"
0.83,"1/12/1980"
0.25,"6/3/2006"
0.45,"1/14/2014"
NA,""
0.34,"5/13/2000"
0.38,"10/15/2013"
0.33,"9/16/2002"
0.03,"8/31/2008"
NA,""
0.26,"11/10/2013"
0.82,"6/15/2020"
0.64,"2/9/2023"
0.08,"1/12/2005"
NA,""
0.18,"2/10/2000"
NA,""
0.04,"9/12/2007"
0.39,"6/9/2014"
0.94,"4/1/2011"
0.6,"9/10/2006"
0.78,"9/14/1979"
0.98,"8/15/1985"
0.75,"5/1/2005"
0.25,"11/15/1999"
NA,""
0,"8/18/2001"
0.5,"10/14/1989"
0.8,"9/27/1986"
0.82,"10/30/2002"
0.77,"4/4/1975"
0.44,"9/25/1977"
0.34,"9/15/1975"
0.89,"11/15/1998"
0.44,"7/7/1998"
0.33,"7/22/2018"
0.16,"11/15/1996"
0.31,"1/15/2000"
0.25,"4/1/2001"
0.98,"2/19/2004"
0.92,"9/13/2012"
0.11,"12/2/2016"
0.91,"8/8/2018"
0.06,"10/15/2004"
0.52,"8/12/2003"
NA,""
0.5,"11/22/2018"
0.73,"9/15/1976"
0.75,"10/30/2010"
0.81,"12/7/2012"
0.5,"2/10/2017"
0.5,"11/26/2004"
0.5,"9/20/1975"
0.37,"10/15/1994"
0.75,"8/11/2001"
0.44,"4/3/2004"
0.4,"11/18/2010"
NA,""
0.82,"6/12/2004"
0.14,"4/23/2004"
0.12,"2/6/2011"
0.48,"1/1/1980"
0.03,"11/5/2002"
0.98,"5/7/2005"
0.14,"10/10/2002"
0.53,"11/26/2015"
0.61,"12/28/2015"
0.58,"11/21/2021"
NA,""
0.38,"6/15/1970"
0.75,"8/11/2001"
NA,""
0.14,"8/16/1969"
0.14,"10/15/1961"
0.3,"7/15/1986"
0.25,"11/15/1999"
0.11,"10/15/1996"
0.25,"5/15/1978"
0.44,"4/15/1973"
0.5,"6/14/1992"
0.19,"3/14/1997"
0.88,"4/10/2010"
0.68,"12/15/2011"
0.65,"6/14/1979"
0.75,"5/15/2001"
0.25,"1/15/2008"
0.72,"1/10/1988"
0.32,"10/29/1998"
0.25,"10/31/2003"
0.47,"10/16/2005"
0.11,"12/4/2005"
NA,""
0.5,"12/15/2005"
0.98,"11/24/2011"
0.82,"6/17/1990"
0.65,"8/14/1976"
0.8,"6/1/1986"
0.45,"7/15/1981"
NA,""
0.21,"8/14/2002"
0.75,"1/14/2004"
0.71,"12/4/2012"
0.47,"9/9/2022"
0.09,"6/15/1980"
0.25,"3/23/2010"
NA,""
0.31,"7/29/2001"
0.56,"4/17/1984"
0.38,"7/29/2012"
0.28,"7/16/1994"
0.06,"11/27/2000"
0,"11/5/1972"
NA,""
0.79,"10/15/2006"
NA,""
NA,""
0.62,"9/4/1993"
NA,""
NA,""
0.87,"12/20/1973"
NA,""
0.53,"10/15/1989"
0.29,"7/1/1990"
0.62,"10/26/1991"
0.94,"3/15/1999"
0.75,"6/24/2000"
0.97,"12/24/2000"
NA,""
NA,""
0.83,"10/8/2004"
0.75,"5/30/2005"
0.42,"9/15/2005"
0.45,"9/16/2005"
0.86,"4/23/2006"
0.25,"7/3/2006"
0.41,"8/6/2006"
0.75,"8/15/2006"
0.44,"11/3/2006"
0.75,"8/5/2007"
0.19,"8/18/2007"
0.25,"8/20/2007"
NA,""
NA,""
0.84,"9/24/2008"
0.07,"12/18/2009"
NA,""
NA,""
0.52,"7/15/2011"
0.72,"10/6/2012"
0.56,"8/22/2013"
0.5,"8/10/2014"
NA,""
0.73,"6/26/2016"
0.58,"10/15/1981"
0.88,"12/30/1983"
NA,""
NA,""
0.9,"11/17/2006"
0.69,"6/15/1979"
0.18,"6/10/1997"
NA,""
0.13,"1/22/2007"
0.45,"9/13/2008"
0.56,"5/26/2013"
0.25,"6/16/2013"
NA,""
0.58,"8/15/1992"
0.61,"7/15/1995"
NA,""
0.91,"7/29/2008"
0.33,"6/30/2001"
0.88,"6/11/2007"
0.86,"2/20/2009"
0.31,"3/24/2010"
0.96,"5/31/2011"
0.75,"4/22/2014"
0.09,"6/15/1980"
0.53,"5/15/1995"
0.75,"8/11/2001"
0.74,"12/15/2003"
0.7,"2/15/2009"
0.25,"10/31/2003"
0.48,"4/4/2004"
0.12,"5/10/1997"
0.81,"6/15/2001"
NA,""
NA,""
0.3,"10/15/1983"
0.71,"6/17/2006"
0.53,"1/1/1972"
0.36,"11/7/1981"
NA,""
0.81,"8/1/1955"
0.81,"11/1/1968"
0.81,"7/1/1965"
0.81,"1869-11-10"
NA,""
0.81,"8/1/1944"
0.74,"4/15/1982"
0.45,"8/1/1974"
NA,""
NA,""
0.39,"2/15/1981"
NA,""
0,"7/13/1988"
0.53,"7/4/1993"
NA,""
0.13,"7/22/2012"
0.74,"10/20/2019"
0.91,"9/30/2005"
0.91,"4/15/1958"
0.09,"10/11/1980"
0.6,"10/1/2004"
0.44,"4/15/1973"
0.58,"8/1/1977"
0,"10/1/1978"
NA,""
0.15,"8/1/1984"
NA,""
NA,""
NA,""
0.05,"6/15/1988"
NA,""
0.71,"8/1/1991"
0.89,"1/1/1992"
0.16,"9/1/1992"
0.36,"9/15/1994"
0.36,"7/15/1997"
NA,""
0.7,"3/15/2001"
NA,""
0.56,"6/26/2002"
0.6,"4/19/2003"
0.27,"1/7/2006"
0.93,"8/21/2006"
0.04,"4/18/2007"
0.86,"1/7/2013"
0.61,"7/15/2014"
0.83,"9/4/2018"
0.7,"7/19/2022"
NA,""
NA,""
0.75,"8/30/2002"
NA,""
0.75,"9/1/1966"
0.75,"3/10/1967"
0.52,"7/1/1977"
NA,""
NA,""
NA,""
0.08,"12/15/1993"
0.25,"7/15/1994"
0.68,"8/23/1997"
0.36,"8/3/1998"
NA,""
NA,""
0.58,"3/4/1999"
0.65,"7/20/2000"
0.82,"6/15/2001"
NA,""
NA,""
NA,""
NA,""
NA,""
NA,""
NA,""
0.67,"7/15/2006"
0,"9/11/2007"
NA,""
0.36,"6/3/2009"
0.3,"4/22/2010"
NA,""
0.28,"12/3/2011"
0.03,"7/2/1981"
0.82,"7/1/1986"
0.53,"1/1/1991"
0.9,"9/8/2007"
0.9,"8/14/1962"
0.63,"10/15/1973"
0.75,"6/1/1975"
NA,""
NA,""
0.75,"11/1/1964"
NA,""
NA,""
NA,""
NA,""
0.75,"9/30/1980"
0.67,"8/9/1982"
NA,""
NA,""
NA,""
NA,""
NA,""
NA,""
NA,""
0.67,"9/15/2003"
0.65,"10/14/2003"
NA,""
NA,""
0.67,"8/29/2010"
0.36,"10/1/1979"
0.47,"10/27/1985"
0.14,"5/31/1987"
NA,""
NA,""
NA,""
0.92,"5/1/2000"
NA,""
0.35,"6/1/2001"
0.63,"9/6/2001"
0.89,"9/3/2002"
0.53,"6/1/2007"
0.05,"1/9/2008"
0.34,"8/11/2008"
0.6,"10/17/2008"
0.96,"10/27/2008"
0.3,"9/13/2013"
0.89,"8/15/2020"
0.89,"1/27/1963"
0.89,"1/28/1963"
0.89,"12/1/1963"
0.5,"8/6/1971"
0.69,"1/10/1977"
0.64,"10/1/1977"
0.68,"12/30/1977"
0.86,"7/30/1978"
0.92,"8/1/1978"
0.46,"9/15/1978"
0.64,"10/25/1983"
0.45,"6/1/1985"
0.57,"9/27/1988"
0.86,"6/15/1993"
0.58,"11/1/1993"
0.75,"6/1/1994"
0.87,"8/13/1993"
0.82,"8/1/1994"
0.54,"11/15/1997"
0.3,"8/1/1998"
0.53,"8/27/1999"
0.23,"3/1/2001"
0.97,"4/22/2001"
0.86,"5/18/2001"
0.46,"9/1/2001"
0.28,"9/25/2001"
0.82,"7/4/2002"
0.67,"9/15/2003"
0.05,"12/24/2003"
0.25,"7/3/2006"
0,"10/21/2006"
0.96,"11/19/2006"
0.25,"3/25/2007"
0.35,"8/23/2007"
0.4,"6/15/2008"
0.14,"8/5/2008"
NA,""
0.48,"9/14/2008"
0,"7/6/1986"
0.92,"8/19/1998"
NA,""
0.88,"6/17/2001"
0.09,"9/28/2003"
0.16,"10/26/2006"
0.5,"2/1/2007"
0.41,"7/4/2009"
0.21,"6/14/2013"
0,"6/10/2021"
0.42,"10/10/2000"
NA,""
0.79,"4/1/1978"
0.79,"10/1/1956"
NA,""
0.79,"4/15/1974"
0.26,"9/1/1976"
0.39,"6/1/1974"
NA,""
NA,""
0.7,"10/1/1988"
NA,""
0.18,"8/13/2002"
0.52,"2/1/1980"
NA,""
0.25,"9/15/1972"
0.07,"5/16/1980"
0.13,"7/15/1991"
0.56,"1/12/2009"
0.1,"11/10/2018"
NA,""
0.82,"8/1/1994"
0.69,"10/26/2002"
0.72,"10/27/2002"
0.4,"9/7/2003"
NA,""
NA,""
NA,""
0.98,"1/7/2008"
0.06,"2/26/2009"
0.95,"6/10/2010"
NA,""
0.21,"7/12/2005"
0.52,"8/12/2022"
NA,""
NA,""
NA,""
NA,""
0.5,"7/10/2006"
0.18,"7/30/2006"
0,"10/10/2007"
0.25,"1/22/2010"
0.8,"5/7/2010"
0.67,"4/15/1971"
0.1,"8/1/1992"
0.1,"9/1/1966"
0.5,"9/1/1974"
NA,""
NA,""
NA,""
0.47,"7/1/1985"
0.17,"6/1/1987"
NA,""
0.82,"1/16/2004"
0.12,"5/22/2004"
0.45,"9/16/2005"
0.21,"12/15/2007"
0.19,"7/8/2008"
0.17,"10/1/1992"
0.21,"3/30/2001"
0.52,"7/1/1977"
0.68,"8/1/1980"
0.29,"5/1/2001"
0.36,"5/3/2001"
0.57,"8/21/2005"
0.72,"6/17/2006"
0.43,"7/27/2007"
0.47,"9/25/2007"
0.66,"3/26/2008"
0.25,"7/9/2008"
NA,""
0.8,"9/23/2008"
0.69,"7/31/2010"
0.66,"10/2/2015"
0.29,"7/28/2020"
0.25,"6/15/1986"
0.33,"4/1/1993"
NA,""
0.86,"6/1/1978"
0.15,"8/1/1984"
0.87,"8/1/1986"
0.76,"9/15/1987"
0.66,"9/5/1993"
0.75,"8/1/2002"
0.3,"12/2/2003"
0.41,"1/4/2004"
0.03,"8/16/2004"
0.42,"7/8/2006"
0.55,"9/7/1998"
0.53,"6/17/2000"
NA,""
0.65,"10/14/2003"
0.64,"9/30/2007"
0.58,"8/15/1992"
0.66,"8/15/1995"
NA,""
NA,""
0.89,"7/1/1997"
NA,""
NA,""
NA,""
0.91,"12/1/2002"
0.59,"6/5/2004"
0.48,"7/17/2008"
NA,""
0.14,"12/1/2008"
NA,""
NA,""
NA,""
NA,""
NA,""
NA,""
0.68,"8/21/2008"
0.31,"7/1/2009"
0.67,"8/10/2009"
0.84,"8/20/2014"
NA,""
NA,""
NA,""
0.64,"9/1/1968"
NA,""
0.6,"10/25/2010"
NA,""
NA,""
0.62,"7/4/1977"
0.85,"4/1/1989"
NA,""
0.5,"10/17/2005"
0.58,"10/18/1978"
NA,""
0.79,"1/15/2004"
0.21,"11/7/2005"
0.07,"7/25/1998"
0.92,"6/30/2008"
0.25,"6/30/1971"
0.97,"9/19/1998"
0.81,"6/13/2012"
0.79,"7/25/2019"
0.62,"6/13/1979"
0.34,"1/15/1981"
0.93,"10/1/1986"
0.63,"9/20/1997"
0.06,"9/11/1999"
0.66,"11/5/2001"
0.3,"3/19/2005"
0.96,"8/5/2013"
0.7,"5/15/1990"
0.48,"10/31/1982"
0.71,"7/1/1983"
NA,""
0.52,"11/1/2001"
0.75,"8/1/2002"
0.39,"11/23/2004"
0.44,"10/15/2005"
0.27,"9/23/2012"
NA,""
0.5,"9/30/1993"
0.02,"9/7/2002"
NA,""
0.13,"6/21/2004"
0.25,"9/21/2004"
0.52,"7/1/1977"
0.58,"12/16/1978"
0.44,"6/15/1981"
0.34,"8/1/1990"
0,"8/18/2001"
0.34,"8/7/2003"
0.25,"7/24/2004"
NA,""
0.87,"9/1/1975"
NA,""
0.17,"10/25/1979"
NA,""
NA,""
NA,""
NA,""
NA,""
NA,""
NA,""
NA,""
0.47,"9/15/1997"
0.74,"6/16/1998"
NA,""
NA,""
NA,""
NA,""
NA,""
NA,""
NA,""
NA,""
0.09,"1/28/2009"
0.32,"3/15/2019"
0.58,"1/1/1983"
NA,""
0.33,"4/1/1993"
0.75,"4/10/1996"
NA,""
0.46,"6/15/2000"
0,"7/1/2000"
0.3,"7/10/2000"
0.02,"7/31/2000"
0.86,"9/23/2000"
0.41,"8/1/2001"
0.02,"9/7/2002"
0.73,"7/20/2003"
0.68,"8/17/2003"
0.18,"9/1/2003"
0.71,"5/10/2004"
0.65,"11/1/2004"
0.91,"5/5/2005"
0.53,"8/20/2005"
0.63,"8/23/2005"
0.37,"11/1/2006"
0.48,"8/27/2007"
0.75,"7/15/2009"
0.61,"7/15/2014"
0.05,"10/26/2022"
NA,""
NA,""
0.05,"8/1/1981"
0.15,"8/1/1984"
0.56,"6/28/1991"
NA,""
NA,""
0.2,"10/29/1995"
0.65,"12/18/1997"
0.25,"7/1/1998"
0.37,"10/20/1999"
0.18,"9/22/2001"
0.29,"10/25/2001"
0.61,"7/24/2005"
0.63,"7/14/2006"
0.16,"10/26/2006"
0.95,"5/16/2015"
0.95,"6/1/1957"
0.95,"4/1/1961"
0.95,"8/1/1963"
NA,""
0.95,"7/1/1965"
0.95,"9/1/1969"
NA,""
NA,""
NA,""
0.17,"10/15/1988"
NA,""
NA,""
NA,""
0.43,"7/12/1992"
0.63,"3/1/1994"
NA,""
NA,""
NA,""
NA,""
NA,""
NA,""
NA,""
NA,""
NA,""
NA,""
NA,""
0.52,"11/1/2001"
NA,""
NA,""
NA,""
0.97,"6/28/2003"
0.75,"11/16/2003"
NA,""
NA,""
NA,""
0.87,"7/2/2005"
0.15,"5/31/2006"
0,"8/23/2006"
0,"10/21/2006"
0.96,"8/11/2007"
0.34,"2/20/2013"
0.18,"11/2/2019"
0.34,"1/23/2021"
0.88,"6/6/2021"
0.46,"1/16/2022"
NA,""
NA,""
0.36,"8/24/1996"
0.44,"5/1/1977"
0.7,"9/8/2001"
0.69,"7/2/1991"
0.78,"10/15/1987"
0.13,"4/12/2005"
0.76,"7/15/1971"
0.65,"8/10/1990"
0.43,"10/12/2008"
0.86,"2/4/2005"
NA,""
0.17,"5/15/1994"
0.17,"8/30/1964"
0.29,"9/4/2003"
0.53,"8/1/2004"
NA,""
0.47,"6/10/2006"
0.08,"6/12/2021"
0.35,"6/26/1996"
0.25,"9/20/1996"
0.05,"3/2/2014"
0.61,"10/11/2014"
0.41,"7/20/1975"
0.64,"10/23/1994"
0.59,"6/15/1995"
0.34,"7/30/2001"
0.56,"9/4/2001"
0.61,"5/29/2002"
0.21,"9/9/2005"
0.4,"9/1/2009"
NA,""
0.13,"9/22/2009"
0.33,"2/9/2014"
0.04,"7/5/2016"
NA,""
0.72,"5/25/2019"
0,"5/15/1999"
NA,""
0.47,"11/4/2006"
0.11,"8/30/2003"
0.06,"10/15/2004"
0.44,"9/4/1998"
0.78,"9/21/2000"
0.67,"5/12/2001"
0.11,"9/1/2000"
0.44,"9/30/2001"
0.79,"8/31/2002"
0.37,"12/15/2002"
NA,""
0.3,"5/29/2012"
0.5,"6/12/2014"
0.64,"10/12/2014"
0.41,"8/23/2018"
0.8,"8/23/2000"
0.92,"2/20/2001"
0.73,"9/17/2003"
NA,""
0.15,"10/26/1987"
NA,""
0.55,"3/21/2000"
0.03,"9/2/1997"
0.16,"8/2/2003"
0.35,"9/15/1994"
0.07,"7/25/1998"
NA,""
0.75,"6/1/1994"
0.91,"8/26/2000"
0.87,"9/15/1971"
0.87,"8/1/1964"
0.83,"12/20/2000"
0.69,"8/20/2000"
0.69,"8/1/1953"
0.61,"1/17/2006"
NA,""
0.36,"11/1/1987"
NA,""
0.45,"7/16/2008"
0.06,"7/13/2010"
0.43,"5/19/2016"
0.35,"8/13/2016"
0.96,"10/18/2017"
0,"11/7/2018"
0.56,"7/15/2022"
0.97,"7/3/2016"
0.26,"10/6/2019"
0.33,"4/11/2003"
0.45,"6/1/2004"
0.3,"11/1/1995"
0.05,"11/1/1997"
0.41,"10/1/1971"
0.19,"8/15/2010"
0.3,"5/1/2020"
0.29,"7/13/1997"
NA,""
0.53,"4/19/2000"
0.94,"9/15/2001"
0.59,"9/20/2005"
0.61,"6/21/2008"
0.6,"6/10/2009"
NA,""
0.59,"10/14/2011"
0.25,"9/28/1998"
0.15,"10/7/2005"
0.71,"9/19/2000"
NA,""
NA,""
NA,""
0.19,"1/17/2013"
0.37,"7/17/1986"
0.05,"11/1/1997"
0.25,"12/15/1999"
0.33,"6/30/2001"
0.11,"10/9/2002"
0.59,"5/15/2006"
0.6,"4/14/1998"
NA,""
0.87,"8/1/1986"
NA,""
0,"1/18/2007"
0.47,"11/15/1986"
0.83,"11/21/1981"
0.22,"6/15/1994"
0.27,"6/1/1990"
0.7,"10/15/1984"
0.62,"7/29/1972"
0.69,"1/15/1982"
0.02,"4/15/1980"
0.61,"8/15/2003"
0,"10/15/1993"
0.84,"12/8/2012"
0.32,"6/18/1975"
0.41,"2/15/1992"
0.46,"3/15/1995"
0.06,"3/1/2006"
0.19,"5/15/2013"
0.44,"12/15/2013"
0.1,"9/15/1996"
0.45,"11/11/2008"
0.45,"12/19/2010"
0.35,"3/22/2013"
0.52,"1/21/2019"
0.39,"12/26/2020"
0.5,"1/28/2021"
0.03,"3/3/2022"
0.89,"1/18/2004"
0.25,"5/1/2009"
0.57,"8/25/1983"
0.79,"2/28/2000"
0.41,"3/15/2003"
0.33,"9/2/2006"
NA,""
0.15,"10/19/2012"
0.42,"10/27/2012"
0.45,"5/23/2013"
0.56,"6/26/2021"
0.97,"6/1/2000"
0.5,"6/11/2006"
0.25,"8/7/1981"
0.62,"8/1/1988"
0.66,"8/5/2004"
0.41,"12/25/2012"
0.52,"9/9/2014"
0.46,"3/27/2021"
0.57,"10/15/1981"
0.46,"4/15/2003"
0.92,"6/30/2008"
0.13,"1/31/2017"
0.5,"8/19/2005"
0.52,"10/7/2006"
0.05,"7/2/2011"
0.43,"2/23/2013"
0.73,"10/10/2009"
0,"10/18/2009"
0.91,"9/5/2010"
0,"10/15/2012"
0.93,"11/11/2012"
0.37,"12/13/2013"
NA,""
0.47,"7/15/2000"
0.37,"11/1/2006"
0.03,"11/10/2007"
0.62,"10/15/2011"
NA,""
0.2,"5/25/1985"
0.38,"4/17/1989"
0.2,"10/15/1999"
0.84,"11/7/2004"
0.53,"5/24/2005"
0.09,"5/19/2007"
0.42,"10/23/2007"
0.86,"10/22/2011"
0.25,"5/28/2012"
0.3,"7/27/2012"
0.46,"2/24/2013"
0.38,"7/20/2021"
NA,""
0.75,"8/4/2018"
0.12,"11/22/1998"
0.75,"10/5/1977"
0.21,"11/26/2006"
0.6,"12/15/1989"
0.75,"12/15/1995"
0.54,"12/31/2001"
0.23,"12/20/1974"
0.81,"8/1/1975"
0.94,"1/21/2012"
0.68,"8/15/1976"
0.68,"1/1/1955"
0.16,"3/4/2006"
0.16,"6/15/1969"
0.25,"2/1/1982"
0.9,"2/17/2004"
0.93,"9/1/2005"
0.78,"12/22/2016"
0.6,"6/16/1984"
0.44,"5/1/1996"
0.63,"1/13/2001"
0.23,"3/29/2012"
NA,""
0.73,"11/24/2013"
0.42,"11/20/2018"
0.65,"12/12/2022"
0.75,"12/1/1988"
0.11,"3/13/2005"
0.56,"3/16/2006"
NA,""
0.83,"8/15/1990"
0,"11/20/2006"
0.52,"2/1/1980"
0.58,"6/30/1980"
0.65,"7/2/1980"
0.63,"11/1/1985"
0.34,"5/1/1993"
0.11,"10/15/1996"
0.09,"2/11/2005"
0.39,"3/11/2006"
0.89,"3/15/2007"
0.75,"4/10/2007"
0.93,"7/12/2007"
NA,""
0.12,"7/4/2011"
0.73,"1/15/2012"
0.67,"8/15/2014"
0.45,"9/26/2015"
0.8,"11/5/2015"
0.84,"8/23/1973"
0.44,"9/1/1982"
0.71,"7/1/1983"
0.9,"2/17/2004"
0.75,"12/4/2004"
0.85,"9/14/2009"
NA,""
0.5,"8/15/1981"
0.97,"8/28/1981"
0.86,"1/11/1991"
0.11,"6/15/1991"
0.15,"8/14/1991"
0.12,"10/1/2000"
0.93,"9/1/2005"
0.48,"1/8/2012"
0.5,"9/29/2012"
0.11,"4/13/2013"
0.33,"9/11/2016"
0.41,"3/24/2013"
0.91,"12/15/2017"
0.55,"7/10/2017"
0.6,"6/1/2018"
0.15,"11/15/1977"
0.36,"10/1/1979"
0.42,"7/1/1993"
0.63,"3/1/1994"
0.69,"7/25/1997"
0.83,"1/1/2000"
0.04,"10/28/2000"
0.93,"6/15/2004"
0.73,"12/3/2004"
0.66,"7/15/2006"
0.5,"11/24/2007"
0.28,"3/15/2008"
0.71,"9/18/2011"
NA,""
0,"2/21/2012"
0.93,"11/11/2012"
0.75,"10/26/2013"
0.78,"8/15/2017"
0.56,"8/2/2004"
0.74,"12/5/2012"
0.37,"11/15/2021"
0.12,"1/31/1998"
0.42,"11/1/1998"
0.52,"12/18/1994"
0.93,"8/15/1974"
0.16,"4/15/1994"
0.94,"11/1/1975"
0.44,"2/9/1998"
0.86,"9/1/1975"
0.35,"8/15/1986"
0.35,"3/18/1961"
0.35,"8/15/1962"
0.68,"9/17/2011"
0.5,"9/15/1989"
0.8,"1/17/2012"
0.77,"6/12/2012"
0.21,"11/23/1990"
0.95,"6/22/1998"
0.42,"4/15/2011"
0.67,"9/17/2011"
NA,""
NA,""
0.04,"7/20/1974"
0.11,"1/15/1975"
0.11,"7/15/1980"
0.35,"9/15/1994"
0.07,"4/19/2007"
0.87,"1/20/2001"
0.6,"10/20/2005"
0.53,"3/15/2006"
NA,""
0.55,"5/7/2012"
0.25,"7/16/1983"
0.28,"9/16/2010"
0.8,"10/31/2010"
0.07,"7/1/2003"
0.92,"3/18/2004"
0.29,"6/15/2005"
0.9,"11/17/2006"
0.52,"3/4/2007"
0.16,"3/23/2007"
0.36,"3/29/2007"
0.95,"8/11/2007"
0.15,"10/15/2007"
0.31,"2/15/2008"
0.16,"9/4/2008"
0.06,"11/18/2009"
0.94,"12/14/2009"
0.97,"12/15/2009"
0.84,"11/20/2011"
0.25,"8/1/1979"
0.47,"11/19/1983"
0.17,"6/1/1987"
0.25,"11/20/1993"
0.42,"7/17/1997"
0,"10/1/1997"
0.22,"3/1/2001"
0.96,"10/15/2001"
0.04,"2/21/2004"
0.03,"4/9/2005"
0.85,"6/2/2005"
0.58,"10/9/2006"
0.04,"7/15/2007"
NA,""
0,"12/9/2007"
0.06,"9/1/2008"
0.87,"8/16/2009"
0.04,"4/15/2010"
0.62,"3/11/2012"
0.69,"11/4/2012"
0,"3/15/1972"
0.39,"6/20/1975"
0.15,"11/15/1977"
0.15,"11/10/2010"
0.63,"3/1/1994"
0.05,"8/1/2000"
0.82,"9/22/2000"
0.43,"9/5/2006"
0.86,"6/18/2009"
0.59,"7/6/2012"
0.16,"11/21/2009"
0.34,"12/5/2011"
NA,""
0.52,"9/18/2005"
0.08,"5/15/1972"
0.86,"5/15/1985"
0.55,"10/14/2000"
0.95,"7/14/2015"
0.47,"4/12/2006"
0.08,"9/15/1963"
0.52,"9/29/1985"
0.39,"6/13/2000"
0.81,"10/9/2012"
NA,""
NA,""
NA,""
NA,""
NA,""
NA,""
NA,""
NA,""
